id_daty_pk,data_przyjecia_wniosku,czy_wakacje,czy_wolne,dzien_tygodnia,czy_weekend,pora_roku
1,2020-11-26,nie_wakacje,nie_wolne,Thursday,nie_weekend,jesien
2,2020-11-27,nie_wakacje,nie_wolne,Friday,tak_weekend,jesien
3,2020-11-28,nie_wakacje,tak_wolne,Saturday,tak_weekend,jesien
4,2020-11-29,nie_wakacje,tak_wolne,Sunday,nie_weekend,jesien
5,2020-11-30,nie_wakacje,nie_wolne,Monday,nie_weekend,jesien
6,2020-12-01,nie_wakacje,nie_wolne,Tuesday,nie_weekend,zima
7,2020-12-02,nie_wakacje,nie_wolne,Wednesday,nie_weekend,zima
8,2020-12-03,nie_wakacje,nie_wolne,Thursday,nie_weekend,zima
9,2020-12-04,nie_wakacje,nie_wolne,Friday,tak_weekend,zima
10,2020-12-05,nie_wakacje,tak_wolne,Saturday,tak_weekend,zima
11,2020-12-06,nie_wakacje,tak_wolne,Sunday,nie_weekend,zima
12,2020-12-07,nie_wakacje,nie_wolne,Monday,nie_weekend,zima
13,2020-12-08,nie_wakacje,nie_wolne,Tuesday,nie_weekend,zima
14,2020-12-09,nie_wakacje,nie_wolne,Wednesday,nie_weekend,zima
15,2020-12-10,nie_wakacje,nie_wolne,Thursday,nie_weekend,zima
16,2020-12-11,nie_wakacje,nie_wolne,Friday,tak_weekend,zima
17,2020-12-12,nie_wakacje,tak_wolne,Saturday,tak_weekend,zima
18,2020-12-13,nie_wakacje,tak_wolne,Sunday,nie_weekend,zima
19,2020-12-14,nie_wakacje,nie_wolne,Monday,nie_weekend,zima
20,2020-12-15,nie_wakacje,nie_wolne,Tuesday,nie_weekend,zima
21,2020-12-16,nie_wakacje,nie_wolne,Wednesday,nie_weekend,zima
22,2020-12-17,nie_wakacje,nie_wolne,Thursday,nie_weekend,zima
23,2020-12-18,nie_wakacje,nie_wolne,Friday,tak_weekend,zima
24,2020-12-19,nie_wakacje,tak_wolne,Saturday,tak_weekend,zima
25,2020-12-20,nie_wakacje,tak_wolne,Sunday,nie_weekend,zima
26,2020-12-21,nie_wakacje,nie_wolne,Monday,nie_weekend,zima
27,2020-12-22,nie_wakacje,nie_wolne,Tuesday,nie_weekend,zima
28,2020-12-23,nie_wakacje,nie_wolne,Wednesday,nie_weekend,zima
29,2020-12-24,nie_wakacje,nie_wolne,Thursday,nie_weekend,zima
30,2020-12-25,nie_wakacje,nie_wolne,Friday,tak_weekend,zima
31,2020-12-26,nie_wakacje,tak_wolne,Saturday,tak_weekend,zima
32,2020-12-27,nie_wakacje,tak_wolne,Sunday,nie_weekend,zima
33,2020-12-28,nie_wakacje,nie_wolne,Monday,nie_weekend,zima
34,2020-12-29,nie_wakacje,nie_wolne,Tuesday,nie_weekend,zima
35,2020-12-30,nie_wakacje,nie_wolne,Wednesday,nie_weekend,zima
36,2020-12-31,nie_wakacje,nie_wolne,Thursday,nie_weekend,zima
37,2021-01-01,nie_wakacje,nie_wolne,Friday,tak_weekend,zima
38,2021-01-02,nie_wakacje,tak_wolne,Saturday,tak_weekend,zima
39,2021-01-03,nie_wakacje,tak_wolne,Sunday,nie_weekend,zima
40,2021-01-04,nie_wakacje,nie_wolne,Monday,nie_weekend,zima
41,2021-01-05,nie_wakacje,nie_wolne,Tuesday,nie_weekend,zima
42,2021-01-06,nie_wakacje,nie_wolne,Wednesday,nie_weekend,zima
43,2021-01-07,nie_wakacje,nie_wolne,Thursday,nie_weekend,zima
44,2021-01-08,nie_wakacje,nie_wolne,Friday,tak_weekend,zima
45,2021-01-09,nie_wakacje,tak_wolne,Saturday,tak_weekend,zima
46,2021-01-10,nie_wakacje,tak_wolne,Sunday,nie_weekend,zima
47,2021-01-11,nie_wakacje,nie_wolne,Monday,nie_weekend,zima
48,2021-01-12,nie_wakacje,nie_wolne,Tuesday,nie_weekend,zima
49,2021-01-13,nie_wakacje,nie_wolne,Wednesday,nie_weekend,zima
50,2021-01-14,nie_wakacje,nie_wolne,Thursday,nie_weekend,zima
51,2021-01-15,nie_wakacje,nie_wolne,Friday,tak_weekend,zima
52,2021-01-16,nie_wakacje,tak_wolne,Saturday,tak_weekend,zima
53,2021-01-17,nie_wakacje,tak_wolne,Sunday,nie_weekend,zima
54,2021-01-18,nie_wakacje,nie_wolne,Monday,nie_weekend,zima
55,2021-01-19,nie_wakacje,nie_wolne,Tuesday,nie_weekend,zima
56,2021-01-20,nie_wakacje,nie_wolne,Wednesday,nie_weekend,zima
57,2021-01-21,nie_wakacje,nie_wolne,Thursday,nie_weekend,zima
58,2021-01-22,nie_wakacje,nie_wolne,Friday,tak_weekend,zima
59,2021-01-23,nie_wakacje,tak_wolne,Saturday,tak_weekend,zima
60,2021-01-24,nie_wakacje,tak_wolne,Sunday,nie_weekend,zima
61,2021-01-25,nie_wakacje,nie_wolne,Monday,nie_weekend,zima
62,2021-01-26,nie_wakacje,nie_wolne,Tuesday,nie_weekend,zima
63,2021-01-27,nie_wakacje,nie_wolne,Wednesday,nie_weekend,zima
64,2021-01-28,nie_wakacje,nie_wolne,Thursday,nie_weekend,zima
65,2021-01-29,nie_wakacje,nie_wolne,Friday,tak_weekend,zima
66,2021-01-30,nie_wakacje,tak_wolne,Saturday,tak_weekend,zima
67,2021-01-31,nie_wakacje,tak_wolne,Sunday,nie_weekend,zima
68,2021-02-01,nie_wakacje,nie_wolne,Monday,nie_weekend,zima
69,2021-02-02,nie_wakacje,nie_wolne,Tuesday,nie_weekend,zima
70,2021-02-03,nie_wakacje,nie_wolne,Wednesday,nie_weekend,zima
71,2021-02-04,nie_wakacje,nie_wolne,Thursday,nie_weekend,zima
72,2021-02-05,nie_wakacje,nie_wolne,Friday,tak_weekend,zima
73,2021-02-06,nie_wakacje,tak_wolne,Saturday,tak_weekend,zima
74,2021-02-07,nie_wakacje,tak_wolne,Sunday,nie_weekend,zima
75,2021-02-08,nie_wakacje,nie_wolne,Monday,nie_weekend,zima
76,2021-02-09,nie_wakacje,nie_wolne,Tuesday,nie_weekend,zima
77,2021-02-10,nie_wakacje,nie_wolne,Wednesday,nie_weekend,zima
78,2021-02-11,nie_wakacje,nie_wolne,Thursday,nie_weekend,zima
79,2021-02-12,nie_wakacje,nie_wolne,Friday,tak_weekend,zima
80,2021-02-13,nie_wakacje,tak_wolne,Saturday,tak_weekend,zima
81,2021-02-14,nie_wakacje,tak_wolne,Sunday,nie_weekend,zima
82,2021-02-15,nie_wakacje,nie_wolne,Monday,nie_weekend,zima
83,2021-02-16,nie_wakacje,nie_wolne,Tuesday,nie_weekend,zima
84,2021-02-17,nie_wakacje,nie_wolne,Wednesday,nie_weekend,zima
85,2021-02-18,nie_wakacje,nie_wolne,Thursday,nie_weekend,zima
86,2021-02-19,nie_wakacje,nie_wolne,Friday,tak_weekend,zima
87,2021-02-20,nie_wakacje,tak_wolne,Saturday,tak_weekend,zima
88,2021-02-21,nie_wakacje,tak_wolne,Sunday,nie_weekend,zima
89,2021-02-22,nie_wakacje,nie_wolne,Monday,nie_weekend,zima
90,2021-02-23,nie_wakacje,nie_wolne,Tuesday,nie_weekend,zima
91,2021-02-24,nie_wakacje,nie_wolne,Wednesday,nie_weekend,zima
92,2021-02-25,nie_wakacje,nie_wolne,Thursday,nie_weekend,zima
93,2021-02-26,nie_wakacje,nie_wolne,Friday,tak_weekend,zima
94,2021-02-27,nie_wakacje,tak_wolne,Saturday,tak_weekend,zima
95,2021-02-28,nie_wakacje,tak_wolne,Sunday,nie_weekend,zima
96,2021-03-01,nie_wakacje,nie_wolne,Monday,nie_weekend,wiosna
97,2021-03-02,nie_wakacje,nie_wolne,Tuesday,nie_weekend,wiosna
98,2021-03-03,nie_wakacje,nie_wolne,Wednesday,nie_weekend,wiosna
99,2021-03-04,nie_wakacje,nie_wolne,Thursday,nie_weekend,wiosna
100,2021-03-05,nie_wakacje,nie_wolne,Friday,tak_weekend,wiosna
101,2021-03-06,nie_wakacje,tak_wolne,Saturday,tak_weekend,wiosna
102,2021-03-07,nie_wakacje,tak_wolne,Sunday,nie_weekend,wiosna
103,2021-03-08,nie_wakacje,nie_wolne,Monday,nie_weekend,wiosna
104,2021-03-09,nie_wakacje,nie_wolne,Tuesday,nie_weekend,wiosna
105,2021-03-10,nie_wakacje,nie_wolne,Wednesday,nie_weekend,wiosna
106,2021-03-11,nie_wakacje,nie_wolne,Thursday,nie_weekend,wiosna
107,2021-03-12,nie_wakacje,nie_wolne,Friday,tak_weekend,wiosna
108,2021-03-13,nie_wakacje,tak_wolne,Saturday,tak_weekend,wiosna
109,2021-03-14,nie_wakacje,tak_wolne,Sunday,nie_weekend,wiosna
110,2021-03-15,nie_wakacje,nie_wolne,Monday,nie_weekend,wiosna
111,2021-03-16,nie_wakacje,nie_wolne,Tuesday,nie_weekend,wiosna
112,2021-03-17,nie_wakacje,nie_wolne,Wednesday,nie_weekend,wiosna
113,2021-03-18,nie_wakacje,nie_wolne,Thursday,nie_weekend,wiosna
114,2021-03-19,nie_wakacje,nie_wolne,Friday,tak_weekend,wiosna
115,2021-03-20,nie_wakacje,tak_wolne,Saturday,tak_weekend,wiosna
116,2021-03-21,nie_wakacje,tak_wolne,Sunday,nie_weekend,wiosna
117,2021-03-22,nie_wakacje,nie_wolne,Monday,nie_weekend,wiosna
118,2021-03-23,nie_wakacje,nie_wolne,Tuesday,nie_weekend,wiosna
119,2021-03-24,nie_wakacje,nie_wolne,Wednesday,nie_weekend,wiosna
120,2021-03-25,nie_wakacje,nie_wolne,Thursday,nie_weekend,wiosna
121,2021-03-26,nie_wakacje,nie_wolne,Friday,tak_weekend,wiosna
122,2021-03-27,nie_wakacje,tak_wolne,Saturday,tak_weekend,wiosna
123,2021-03-28,nie_wakacje,tak_wolne,Sunday,nie_weekend,wiosna
124,2021-03-29,nie_wakacje,nie_wolne,Monday,nie_weekend,wiosna
125,2021-03-30,nie_wakacje,nie_wolne,Tuesday,nie_weekend,wiosna
126,2021-03-31,nie_wakacje,nie_wolne,Wednesday,nie_weekend,wiosna
127,2021-04-01,nie_wakacje,nie_wolne,Thursday,nie_weekend,wiosna
128,2021-04-02,nie_wakacje,nie_wolne,Friday,tak_weekend,wiosna
129,2021-04-03,nie_wakacje,tak_wolne,Saturday,tak_weekend,wiosna
130,2021-04-04,nie_wakacje,tak_wolne,Sunday,nie_weekend,wiosna
131,2021-04-05,nie_wakacje,nie_wolne,Monday,nie_weekend,wiosna
132,2021-04-06,nie_wakacje,nie_wolne,Tuesday,nie_weekend,wiosna
133,2021-04-07,nie_wakacje,nie_wolne,Wednesday,nie_weekend,wiosna
134,2021-04-08,nie_wakacje,nie_wolne,Thursday,nie_weekend,wiosna
135,2021-04-09,nie_wakacje,nie_wolne,Friday,tak_weekend,wiosna
136,2021-04-10,nie_wakacje,tak_wolne,Saturday,tak_weekend,wiosna
137,2021-04-11,nie_wakacje,tak_wolne,Sunday,nie_weekend,wiosna
138,2021-04-12,nie_wakacje,nie_wolne,Monday,nie_weekend,wiosna
139,2021-04-13,nie_wakacje,nie_wolne,Tuesday,nie_weekend,wiosna
140,2021-04-14,nie_wakacje,nie_wolne,Wednesday,nie_weekend,wiosna
141,2021-04-15,nie_wakacje,nie_wolne,Thursday,nie_weekend,wiosna
142,2021-04-16,nie_wakacje,nie_wolne,Friday,tak_weekend,wiosna
143,2021-04-17,nie_wakacje,tak_wolne,Saturday,tak_weekend,wiosna
144,2021-04-18,nie_wakacje,tak_wolne,Sunday,nie_weekend,wiosna
145,2021-04-19,nie_wakacje,nie_wolne,Monday,nie_weekend,wiosna
146,2021-04-20,nie_wakacje,nie_wolne,Tuesday,nie_weekend,wiosna
147,2021-04-21,nie_wakacje,nie_wolne,Wednesday,nie_weekend,wiosna
148,2021-04-22,nie_wakacje,nie_wolne,Thursday,nie_weekend,wiosna
149,2021-04-23,nie_wakacje,nie_wolne,Friday,tak_weekend,wiosna
150,2021-04-24,nie_wakacje,tak_wolne,Saturday,tak_weekend,wiosna
151,2021-04-25,nie_wakacje,tak_wolne,Sunday,nie_weekend,wiosna
152,2021-04-26,nie_wakacje,nie_wolne,Monday,nie_weekend,wiosna
153,2021-04-27,nie_wakacje,nie_wolne,Tuesday,nie_weekend,wiosna
154,2021-04-28,nie_wakacje,nie_wolne,Wednesday,nie_weekend,wiosna
155,2021-04-29,nie_wakacje,nie_wolne,Thursday,nie_weekend,wiosna
156,2021-04-30,nie_wakacje,nie_wolne,Friday,tak_weekend,wiosna
157,2021-05-01,nie_wakacje,tak_wolne,Saturday,tak_weekend,wiosna
158,2021-05-02,nie_wakacje,tak_wolne,Sunday,nie_weekend,wiosna
159,2021-05-03,nie_wakacje,nie_wolne,Monday,nie_weekend,wiosna
160,2021-05-04,nie_wakacje,nie_wolne,Tuesday,nie_weekend,wiosna
161,2021-05-05,nie_wakacje,nie_wolne,Wednesday,nie_weekend,wiosna
162,2021-05-06,nie_wakacje,nie_wolne,Thursday,nie_weekend,wiosna
163,2021-05-07,nie_wakacje,nie_wolne,Friday,tak_weekend,wiosna
164,2021-05-08,nie_wakacje,tak_wolne,Saturday,tak_weekend,wiosna
165,2021-05-09,nie_wakacje,tak_wolne,Sunday,nie_weekend,wiosna
166,2021-05-10,nie_wakacje,nie_wolne,Monday,nie_weekend,wiosna
167,2021-05-11,nie_wakacje,nie_wolne,Tuesday,nie_weekend,wiosna
168,2021-05-12,nie_wakacje,nie_wolne,Wednesday,nie_weekend,wiosna
169,2021-05-13,nie_wakacje,nie_wolne,Thursday,nie_weekend,wiosna
170,2021-05-14,nie_wakacje,nie_wolne,Friday,tak_weekend,wiosna
171,2021-05-15,nie_wakacje,tak_wolne,Saturday,tak_weekend,wiosna
172,2021-05-16,nie_wakacje,tak_wolne,Sunday,nie_weekend,wiosna
173,2021-05-17,nie_wakacje,nie_wolne,Monday,nie_weekend,wiosna
174,2021-05-18,nie_wakacje,nie_wolne,Tuesday,nie_weekend,wiosna
175,2021-05-19,nie_wakacje,nie_wolne,Wednesday,nie_weekend,wiosna
176,2021-05-20,nie_wakacje,nie_wolne,Thursday,nie_weekend,wiosna
177,2021-05-21,nie_wakacje,nie_wolne,Friday,tak_weekend,wiosna
178,2021-05-22,nie_wakacje,tak_wolne,Saturday,tak_weekend,wiosna
179,2021-05-23,nie_wakacje,tak_wolne,Sunday,nie_weekend,wiosna
180,2021-05-24,nie_wakacje,nie_wolne,Monday,nie_weekend,wiosna
181,2021-05-25,nie_wakacje,nie_wolne,Tuesday,nie_weekend,wiosna
182,2021-05-26,nie_wakacje,nie_wolne,Wednesday,nie_weekend,wiosna
183,2021-05-27,nie_wakacje,nie_wolne,Thursday,nie_weekend,wiosna
184,2021-05-28,nie_wakacje,nie_wolne,Friday,tak_weekend,wiosna
185,2021-05-29,nie_wakacje,tak_wolne,Saturday,tak_weekend,wiosna
186,2021-05-30,nie_wakacje,tak_wolne,Sunday,nie_weekend,wiosna
187,2021-05-31,nie_wakacje,nie_wolne,Monday,nie_weekend,wiosna
188,2021-06-01,tak_wakacje,nie_wolne,Tuesday,nie_weekend,lato
189,2021-06-02,tak_wakacje,nie_wolne,Wednesday,nie_weekend,lato
190,2021-06-03,tak_wakacje,nie_wolne,Thursday,nie_weekend,lato
191,2021-06-04,tak_wakacje,nie_wolne,Friday,tak_weekend,lato
192,2021-06-05,tak_wakacje,tak_wolne,Saturday,tak_weekend,lato
193,2021-06-06,tak_wakacje,tak_wolne,Sunday,nie_weekend,lato
194,2021-06-07,tak_wakacje,nie_wolne,Monday,nie_weekend,lato
195,2021-06-08,tak_wakacje,nie_wolne,Tuesday,nie_weekend,lato
196,2021-06-09,tak_wakacje,nie_wolne,Wednesday,nie_weekend,lato
197,2021-06-10,tak_wakacje,nie_wolne,Thursday,nie_weekend,lato
198,2021-06-11,tak_wakacje,nie_wolne,Friday,tak_weekend,lato
199,2021-06-12,tak_wakacje,tak_wolne,Saturday,tak_weekend,lato
200,2021-06-13,tak_wakacje,tak_wolne,Sunday,nie_weekend,lato
201,2021-06-14,tak_wakacje,nie_wolne,Monday,nie_weekend,lato
202,2021-06-15,tak_wakacje,nie_wolne,Tuesday,nie_weekend,lato
203,2021-06-16,tak_wakacje,nie_wolne,Wednesday,nie_weekend,lato
204,2021-06-17,tak_wakacje,nie_wolne,Thursday,nie_weekend,lato
205,2021-06-18,tak_wakacje,nie_wolne,Friday,tak_weekend,lato
206,2021-06-19,tak_wakacje,tak_wolne,Saturday,tak_weekend,lato
207,2021-06-20,tak_wakacje,tak_wolne,Sunday,nie_weekend,lato
208,2021-06-21,tak_wakacje,nie_wolne,Monday,nie_weekend,lato
209,2021-06-22,tak_wakacje,nie_wolne,Tuesday,nie_weekend,lato
210,2021-06-23,tak_wakacje,nie_wolne,Wednesday,nie_weekend,lato
211,2021-06-24,tak_wakacje,nie_wolne,Thursday,nie_weekend,lato
212,2021-06-25,tak_wakacje,nie_wolne,Friday,tak_weekend,lato
213,2021-06-26,tak_wakacje,tak_wolne,Saturday,tak_weekend,lato
214,2021-06-27,tak_wakacje,tak_wolne,Sunday,nie_weekend,lato
215,2021-06-28,tak_wakacje,nie_wolne,Monday,nie_weekend,lato
216,2021-06-29,tak_wakacje,nie_wolne,Tuesday,nie_weekend,lato
217,2021-06-30,tak_wakacje,nie_wolne,Wednesday,nie_weekend,lato
218,2021-07-01,tak_wakacje,nie_wolne,Thursday,nie_weekend,lato
219,2021-07-02,tak_wakacje,nie_wolne,Friday,tak_weekend,lato
220,2021-07-03,tak_wakacje,tak_wolne,Saturday,tak_weekend,lato
221,2021-07-04,tak_wakacje,tak_wolne,Sunday,nie_weekend,lato
222,2021-07-05,tak_wakacje,nie_wolne,Monday,nie_weekend,lato
223,2021-07-06,tak_wakacje,nie_wolne,Tuesday,nie_weekend,lato
224,2021-07-07,tak_wakacje,nie_wolne,Wednesday,nie_weekend,lato
225,2021-07-08,tak_wakacje,nie_wolne,Thursday,nie_weekend,lato
226,2021-07-09,tak_wakacje,nie_wolne,Friday,tak_weekend,lato
227,2021-07-10,tak_wakacje,tak_wolne,Saturday,tak_weekend,lato
228,2021-07-11,tak_wakacje,tak_wolne,Sunday,nie_weekend,lato
229,2021-07-12,tak_wakacje,nie_wolne,Monday,nie_weekend,lato
230,2021-07-13,tak_wakacje,nie_wolne,Tuesday,nie_weekend,lato
231,2021-07-14,tak_wakacje,nie_wolne,Wednesday,nie_weekend,lato
232,2021-07-15,tak_wakacje,nie_wolne,Thursday,nie_weekend,lato
233,2021-07-16,tak_wakacje,nie_wolne,Friday,tak_weekend,lato
234,2021-07-17,tak_wakacje,tak_wolne,Saturday,tak_weekend,lato
235,2021-07-18,tak_wakacje,tak_wolne,Sunday,nie_weekend,lato
236,2021-07-19,tak_wakacje,nie_wolne,Monday,nie_weekend,lato
237,2021-07-20,tak_wakacje,nie_wolne,Tuesday,nie_weekend,lato
238,2021-07-21,tak_wakacje,nie_wolne,Wednesday,nie_weekend,lato
239,2021-07-22,tak_wakacje,nie_wolne,Thursday,nie_weekend,lato
240,2021-07-23,tak_wakacje,nie_wolne,Friday,tak_weekend,lato
241,2021-07-24,tak_wakacje,tak_wolne,Saturday,tak_weekend,lato
242,2021-07-25,tak_wakacje,tak_wolne,Sunday,nie_weekend,lato
243,2021-07-26,tak_wakacje,nie_wolne,Monday,nie_weekend,lato
244,2021-07-27,tak_wakacje,nie_wolne,Tuesday,nie_weekend,lato
245,2021-07-28,tak_wakacje,nie_wolne,Wednesday,nie_weekend,lato
246,2021-07-29,tak_wakacje,nie_wolne,Thursday,nie_weekend,lato
247,2021-07-30,tak_wakacje,nie_wolne,Friday,tak_weekend,lato
248,2021-07-31,tak_wakacje,tak_wolne,Saturday,tak_weekend,lato
249,2021-08-01,tak_wakacje,tak_wolne,Sunday,nie_weekend,lato
250,2021-08-02,tak_wakacje,nie_wolne,Monday,nie_weekend,lato
251,2021-08-03,tak_wakacje,nie_wolne,Tuesday,nie_weekend,lato
252,2021-08-04,tak_wakacje,nie_wolne,Wednesday,nie_weekend,lato
253,2021-08-05,tak_wakacje,nie_wolne,Thursday,nie_weekend,lato
254,2021-08-06,tak_wakacje,nie_wolne,Friday,tak_weekend,lato
255,2021-08-07,tak_wakacje,tak_wolne,Saturday,tak_weekend,lato
256,2021-08-08,tak_wakacje,tak_wolne,Sunday,nie_weekend,lato
257,2021-08-09,tak_wakacje,nie_wolne,Monday,nie_weekend,lato
258,2021-08-10,tak_wakacje,nie_wolne,Tuesday,nie_weekend,lato
259,2021-08-11,tak_wakacje,nie_wolne,Wednesday,nie_weekend,lato
260,2021-08-12,tak_wakacje,nie_wolne,Thursday,nie_weekend,lato
261,2021-08-13,tak_wakacje,nie_wolne,Friday,tak_weekend,lato
262,2021-08-14,tak_wakacje,tak_wolne,Saturday,tak_weekend,lato
263,2021-08-15,tak_wakacje,tak_wolne,Sunday,nie_weekend,lato
264,2021-08-16,tak_wakacje,nie_wolne,Monday,nie_weekend,lato
265,2021-08-17,tak_wakacje,nie_wolne,Tuesday,nie_weekend,lato
266,2021-08-18,tak_wakacje,nie_wolne,Wednesday,nie_weekend,lato
267,2021-08-19,tak_wakacje,nie_wolne,Thursday,nie_weekend,lato
268,2021-08-20,tak_wakacje,nie_wolne,Friday,tak_weekend,lato
269,2021-08-21,tak_wakacje,tak_wolne,Saturday,tak_weekend,lato
270,2021-08-22,tak_wakacje,tak_wolne,Sunday,nie_weekend,lato
271,2021-08-23,tak_wakacje,nie_wolne,Monday,nie_weekend,lato
272,2021-08-24,tak_wakacje,nie_wolne,Tuesday,nie_weekend,lato
273,2021-08-25,tak_wakacje,nie_wolne,Wednesday,nie_weekend,lato
274,2021-08-26,tak_wakacje,nie_wolne,Thursday,nie_weekend,lato
275,2021-08-27,tak_wakacje,nie_wolne,Friday,tak_weekend,lato
276,2021-08-28,tak_wakacje,tak_wolne,Saturday,tak_weekend,lato
277,2021-08-29,tak_wakacje,tak_wolne,Sunday,nie_weekend,lato
278,2021-08-30,tak_wakacje,nie_wolne,Monday,nie_weekend,lato
279,2021-08-31,tak_wakacje,nie_wolne,Tuesday,nie_weekend,lato
280,2021-09-01,nie_wakacje,nie_wolne,Wednesday,nie_weekend,jesien
281,2021-09-02,nie_wakacje,nie_wolne,Thursday,nie_weekend,jesien
282,2021-09-03,nie_wakacje,nie_wolne,Friday,tak_weekend,jesien
283,2021-09-04,nie_wakacje,tak_wolne,Saturday,tak_weekend,jesien
284,2021-09-05,nie_wakacje,tak_wolne,Sunday,nie_weekend,jesien
285,2021-09-06,nie_wakacje,nie_wolne,Monday,nie_weekend,jesien
286,2021-09-07,nie_wakacje,nie_wolne,Tuesday,nie_weekend,jesien
287,2021-09-08,nie_wakacje,nie_wolne,Wednesday,nie_weekend,jesien
288,2021-09-09,nie_wakacje,nie_wolne,Thursday,nie_weekend,jesien
289,2021-09-10,nie_wakacje,nie_wolne,Friday,tak_weekend,jesien
290,2021-09-11,nie_wakacje,tak_wolne,Saturday,tak_weekend,jesien
291,2021-09-12,nie_wakacje,tak_wolne,Sunday,nie_weekend,jesien
292,2021-09-13,nie_wakacje,nie_wolne,Monday,nie_weekend,jesien
293,2021-09-14,nie_wakacje,nie_wolne,Tuesday,nie_weekend,jesien
294,2021-09-15,nie_wakacje,nie_wolne,Wednesday,nie_weekend,jesien
295,2021-09-16,nie_wakacje,nie_wolne,Thursday,nie_weekend,jesien
296,2021-09-17,nie_wakacje,nie_wolne,Friday,tak_weekend,jesien
297,2021-09-18,nie_wakacje,tak_wolne,Saturday,tak_weekend,jesien
298,2021-09-19,nie_wakacje,tak_wolne,Sunday,nie_weekend,jesien
299,2021-09-20,nie_wakacje,nie_wolne,Monday,nie_weekend,jesien
300,2021-09-21,nie_wakacje,nie_wolne,Tuesday,nie_weekend,jesien
301,2021-09-22,nie_wakacje,nie_wolne,Wednesday,nie_weekend,jesien
302,2021-09-23,nie_wakacje,nie_wolne,Thursday,nie_weekend,jesien
303,2021-09-24,nie_wakacje,nie_wolne,Friday,tak_weekend,jesien
304,2021-09-25,nie_wakacje,tak_wolne,Saturday,tak_weekend,jesien
305,2021-09-26,nie_wakacje,tak_wolne,Sunday,nie_weekend,jesien
306,2021-09-27,nie_wakacje,nie_wolne,Monday,nie_weekend,jesien
307,2021-09-28,nie_wakacje,nie_wolne,Tuesday,nie_weekend,jesien
308,2021-09-29,nie_wakacje,nie_wolne,Wednesday,nie_weekend,jesien
309,2021-09-30,nie_wakacje,nie_wolne,Thursday,nie_weekend,jesien
310,2021-10-01,nie_wakacje,nie_wolne,Friday,tak_weekend,jesien
311,2021-10-02,nie_wakacje,tak_wolne,Saturday,tak_weekend,jesien
312,2021-10-03,nie_wakacje,tak_wolne,Sunday,nie_weekend,jesien
313,2021-10-04,nie_wakacje,nie_wolne,Monday,nie_weekend,jesien
314,2021-10-05,nie_wakacje,nie_wolne,Tuesday,nie_weekend,jesien
315,2021-10-06,nie_wakacje,nie_wolne,Wednesday,nie_weekend,jesien
316,2021-10-07,nie_wakacje,nie_wolne,Thursday,nie_weekend,jesien
317,2021-10-08,nie_wakacje,nie_wolne,Friday,tak_weekend,jesien
318,2021-10-09,nie_wakacje,tak_wolne,Saturday,tak_weekend,jesien
319,2021-10-10,nie_wakacje,tak_wolne,Sunday,nie_weekend,jesien
320,2021-10-11,nie_wakacje,nie_wolne,Monday,nie_weekend,jesien
321,2021-10-12,nie_wakacje,nie_wolne,Tuesday,nie_weekend,jesien
322,2021-10-13,nie_wakacje,nie_wolne,Wednesday,nie_weekend,jesien
323,2021-10-14,nie_wakacje,nie_wolne,Thursday,nie_weekend,jesien
324,2021-10-15,nie_wakacje,nie_wolne,Friday,tak_weekend,jesien
325,2021-10-16,nie_wakacje,tak_wolne,Saturday,tak_weekend,jesien
326,2021-10-17,nie_wakacje,tak_wolne,Sunday,nie_weekend,jesien
327,2021-10-18,nie_wakacje,nie_wolne,Monday,nie_weekend,jesien
328,2021-10-19,nie_wakacje,nie_wolne,Tuesday,nie_weekend,jesien
329,2021-10-20,nie_wakacje,nie_wolne,Wednesday,nie_weekend,jesien
330,2021-10-21,nie_wakacje,nie_wolne,Thursday,nie_weekend,jesien
331,2021-10-22,nie_wakacje,nie_wolne,Friday,tak_weekend,jesien
332,2021-10-23,nie_wakacje,tak_wolne,Saturday,tak_weekend,jesien
333,2021-10-24,nie_wakacje,tak_wolne,Sunday,nie_weekend,jesien
334,2021-10-25,nie_wakacje,nie_wolne,Monday,nie_weekend,jesien
335,2021-10-26,nie_wakacje,nie_wolne,Tuesday,nie_weekend,jesien
336,2021-10-27,nie_wakacje,nie_wolne,Wednesday,nie_weekend,jesien
337,2021-10-28,nie_wakacje,nie_wolne,Thursday,nie_weekend,jesien
338,2021-10-29,nie_wakacje,nie_wolne,Friday,tak_weekend,jesien
339,2021-10-30,nie_wakacje,tak_wolne,Saturday,tak_weekend,jesien
340,2021-10-31,nie_wakacje,tak_wolne,Sunday,nie_weekend,jesien
341,2021-11-01,nie_wakacje,nie_wolne,Monday,nie_weekend,jesien
342,2021-11-02,nie_wakacje,nie_wolne,Tuesday,nie_weekend,jesien
343,2021-11-03,nie_wakacje,nie_wolne,Wednesday,nie_weekend,jesien
344,2021-11-04,nie_wakacje,nie_wolne,Thursday,nie_weekend,jesien
345,2021-11-05,nie_wakacje,nie_wolne,Friday,tak_weekend,jesien
346,2021-11-06,nie_wakacje,tak_wolne,Saturday,tak_weekend,jesien
347,2021-11-07,nie_wakacje,tak_wolne,Sunday,nie_weekend,jesien
348,2021-11-08,nie_wakacje,nie_wolne,Monday,nie_weekend,jesien
349,2021-11-09,nie_wakacje,nie_wolne,Tuesday,nie_weekend,jesien
350,2021-11-10,nie_wakacje,nie_wolne,Wednesday,nie_weekend,jesien
351,2021-11-11,nie_wakacje,nie_wolne,Thursday,nie_weekend,jesien
352,2021-11-12,nie_wakacje,nie_wolne,Friday,tak_weekend,jesien
353,2021-11-13,nie_wakacje,tak_wolne,Saturday,tak_weekend,jesien
354,2021-11-14,nie_wakacje,tak_wolne,Sunday,nie_weekend,jesien
355,2021-11-15,nie_wakacje,nie_wolne,Monday,nie_weekend,jesien
356,2021-11-16,nie_wakacje,nie_wolne,Tuesday,nie_weekend,jesien
357,2021-11-17,nie_wakacje,nie_wolne,Wednesday,nie_weekend,jesien
358,2021-11-18,nie_wakacje,nie_wolne,Thursday,nie_weekend,jesien
359,2021-11-19,nie_wakacje,nie_wolne,Friday,tak_weekend,jesien
360,2021-11-20,nie_wakacje,tak_wolne,Saturday,tak_weekend,jesien
361,2021-11-21,nie_wakacje,tak_wolne,Sunday,nie_weekend,jesien
362,2021-11-22,nie_wakacje,nie_wolne,Monday,nie_weekend,jesien
363,2021-11-23,nie_wakacje,nie_wolne,Tuesday,nie_weekend,jesien
364,2021-11-24,nie_wakacje,nie_wolne,Wednesday,nie_weekend,jesien
365,2021-11-25,nie_wakacje,nie_wolne,Thursday,nie_weekend,jesien
366,2021-11-26,nie_wakacje,nie_wolne,Friday,tak_weekend,jesien
367,2021-11-27,nie_wakacje,tak_wolne,Saturday,tak_weekend,jesien
368,2021-11-28,nie_wakacje,tak_wolne,Sunday,nie_weekend,jesien
369,2021-11-29,nie_wakacje,nie_wolne,Monday,nie_weekend,jesien
370,2021-11-30,nie_wakacje,nie_wolne,Tuesday,nie_weekend,jesien
371,2021-12-01,nie_wakacje,nie_wolne,Wednesday,nie_weekend,zima
372,2021-12-02,nie_wakacje,nie_wolne,Thursday,nie_weekend,zima
373,2021-12-03,nie_wakacje,nie_wolne,Friday,tak_weekend,zima
374,2021-12-04,nie_wakacje,tak_wolne,Saturday,tak_weekend,zima
375,2021-12-05,nie_wakacje,tak_wolne,Sunday,nie_weekend,zima
376,2021-12-06,nie_wakacje,nie_wolne,Monday,nie_weekend,zima
377,2021-12-07,nie_wakacje,nie_wolne,Tuesday,nie_weekend,zima
378,2021-12-08,nie_wakacje,nie_wolne,Wednesday,nie_weekend,zima
379,2021-12-09,nie_wakacje,nie_wolne,Thursday,nie_weekend,zima
380,2021-12-10,nie_wakacje,nie_wolne,Friday,tak_weekend,zima
381,2021-12-11,nie_wakacje,tak_wolne,Saturday,tak_weekend,zima
382,2021-12-12,nie_wakacje,tak_wolne,Sunday,nie_weekend,zima
383,2021-12-13,nie_wakacje,nie_wolne,Monday,nie_weekend,zima
384,2021-12-14,nie_wakacje,nie_wolne,Tuesday,nie_weekend,zima
385,2021-12-15,nie_wakacje,nie_wolne,Wednesday,nie_weekend,zima
386,2021-12-16,nie_wakacje,nie_wolne,Thursday,nie_weekend,zima
387,2021-12-17,nie_wakacje,nie_wolne,Friday,tak_weekend,zima
388,2021-12-18,nie_wakacje,tak_wolne,Saturday,tak_weekend,zima
389,2021-12-19,nie_wakacje,tak_wolne,Sunday,nie_weekend,zima
390,2021-12-20,nie_wakacje,nie_wolne,Monday,nie_weekend,zima
391,2021-12-21,nie_wakacje,nie_wolne,Tuesday,nie_weekend,zima
392,2021-12-22,nie_wakacje,nie_wolne,Wednesday,nie_weekend,zima
393,2021-12-23,nie_wakacje,nie_wolne,Thursday,nie_weekend,zima
394,2021-12-24,nie_wakacje,nie_wolne,Friday,tak_weekend,zima
395,2021-12-25,nie_wakacje,tak_wolne,Saturday,tak_weekend,zima
396,2021-12-26,nie_wakacje,tak_wolne,Sunday,nie_weekend,zima
397,2021-12-27,nie_wakacje,nie_wolne,Monday,nie_weekend,zima
398,2021-12-28,nie_wakacje,nie_wolne,Tuesday,nie_weekend,zima
399,2021-12-29,nie_wakacje,nie_wolne,Wednesday,nie_weekend,zima
400,2021-12-30,nie_wakacje,nie_wolne,Thursday,nie_weekend,zima
401,2021-12-31,nie_wakacje,nie_wolne,Friday,tak_weekend,zima
402,2022-01-01,nie_wakacje,tak_wolne,Saturday,tak_weekend,zima
403,2022-01-02,nie_wakacje,tak_wolne,Sunday,nie_weekend,zima
404,2022-01-03,nie_wakacje,nie_wolne,Monday,nie_weekend,zima
405,2022-01-04,nie_wakacje,nie_wolne,Tuesday,nie_weekend,zima
406,2022-01-05,nie_wakacje,nie_wolne,Wednesday,nie_weekend,zima
407,2022-01-06,nie_wakacje,nie_wolne,Thursday,nie_weekend,zima
408,2022-01-07,nie_wakacje,nie_wolne,Friday,tak_weekend,zima
409,2022-01-08,nie_wakacje,tak_wolne,Saturday,tak_weekend,zima
410,2022-01-09,nie_wakacje,tak_wolne,Sunday,nie_weekend,zima
411,2022-01-10,nie_wakacje,nie_wolne,Monday,nie_weekend,zima
412,2022-01-11,nie_wakacje,nie_wolne,Tuesday,nie_weekend,zima
413,2022-01-12,nie_wakacje,nie_wolne,Wednesday,nie_weekend,zima
414,2022-01-13,nie_wakacje,nie_wolne,Thursday,nie_weekend,zima
415,2022-01-14,nie_wakacje,nie_wolne,Friday,tak_weekend,zima
416,2022-01-15,nie_wakacje,tak_wolne,Saturday,tak_weekend,zima
417,2022-01-16,nie_wakacje,tak_wolne,Sunday,nie_weekend,zima
418,2022-01-17,nie_wakacje,nie_wolne,Monday,nie_weekend,zima
419,2022-01-18,nie_wakacje,nie_wolne,Tuesday,nie_weekend,zima
420,2022-01-19,nie_wakacje,nie_wolne,Wednesday,nie_weekend,zima
421,2022-01-20,nie_wakacje,nie_wolne,Thursday,nie_weekend,zima
422,2022-01-21,nie_wakacje,nie_wolne,Friday,tak_weekend,zima
423,2022-01-22,nie_wakacje,tak_wolne,Saturday,tak_weekend,zima
424,2022-01-23,nie_wakacje,tak_wolne,Sunday,nie_weekend,zima
425,2022-01-24,nie_wakacje,nie_wolne,Monday,nie_weekend,zima
426,2022-01-25,nie_wakacje,nie_wolne,Tuesday,nie_weekend,zima
427,2022-01-26,nie_wakacje,nie_wolne,Wednesday,nie_weekend,zima
428,2022-01-27,nie_wakacje,nie_wolne,Thursday,nie_weekend,zima
429,2022-01-28,nie_wakacje,nie_wolne,Friday,tak_weekend,zima
430,2022-01-29,nie_wakacje,tak_wolne,Saturday,tak_weekend,zima
431,2022-01-30,nie_wakacje,tak_wolne,Sunday,nie_weekend,zima
432,2022-01-31,nie_wakacje,nie_wolne,Monday,nie_weekend,zima
433,2022-02-01,nie_wakacje,nie_wolne,Tuesday,nie_weekend,zima
434,2022-02-02,nie_wakacje,nie_wolne,Wednesday,nie_weekend,zima
435,2022-02-03,nie_wakacje,nie_wolne,Thursday,nie_weekend,zima
436,2022-02-04,nie_wakacje,nie_wolne,Friday,tak_weekend,zima
437,2022-02-05,nie_wakacje,tak_wolne,Saturday,tak_weekend,zima
438,2022-02-06,nie_wakacje,tak_wolne,Sunday,nie_weekend,zima
439,2022-02-07,nie_wakacje,nie_wolne,Monday,nie_weekend,zima
440,2022-02-08,nie_wakacje,nie_wolne,Tuesday,nie_weekend,zima
441,2022-02-09,nie_wakacje,nie_wolne,Wednesday,nie_weekend,zima
442,2022-02-10,nie_wakacje,nie_wolne,Thursday,nie_weekend,zima
443,2022-02-11,nie_wakacje,nie_wolne,Friday,tak_weekend,zima
444,2022-02-12,nie_wakacje,tak_wolne,Saturday,tak_weekend,zima
445,2022-02-13,nie_wakacje,tak_wolne,Sunday,nie_weekend,zima
446,2022-02-14,nie_wakacje,nie_wolne,Monday,nie_weekend,zima
447,2022-02-15,nie_wakacje,nie_wolne,Tuesday,nie_weekend,zima
448,2022-02-16,nie_wakacje,nie_wolne,Wednesday,nie_weekend,zima
449,2022-02-17,nie_wakacje,nie_wolne,Thursday,nie_weekend,zima
450,2022-02-18,nie_wakacje,nie_wolne,Friday,tak_weekend,zima
451,2022-02-19,nie_wakacje,tak_wolne,Saturday,tak_weekend,zima
452,2022-02-20,nie_wakacje,tak_wolne,Sunday,nie_weekend,zima
453,2022-02-21,nie_wakacje,nie_wolne,Monday,nie_weekend,zima
454,2022-02-22,nie_wakacje,nie_wolne,Tuesday,nie_weekend,zima
455,2022-02-23,nie_wakacje,nie_wolne,Wednesday,nie_weekend,zima
456,2022-02-24,nie_wakacje,nie_wolne,Thursday,nie_weekend,zima
457,2022-02-25,nie_wakacje,nie_wolne,Friday,tak_weekend,zima
458,2022-02-26,nie_wakacje,tak_wolne,Saturday,tak_weekend,zima
459,2022-02-27,nie_wakacje,tak_wolne,Sunday,nie_weekend,zima
460,2022-02-28,nie_wakacje,nie_wolne,Monday,nie_weekend,zima
461,2022-03-01,nie_wakacje,nie_wolne,Tuesday,nie_weekend,wiosna
462,2022-03-02,nie_wakacje,nie_wolne,Wednesday,nie_weekend,wiosna
463,2022-03-03,nie_wakacje,nie_wolne,Thursday,nie_weekend,wiosna
464,2022-03-04,nie_wakacje,nie_wolne,Friday,tak_weekend,wiosna
465,2022-03-05,nie_wakacje,tak_wolne,Saturday,tak_weekend,wiosna
466,2022-03-06,nie_wakacje,tak_wolne,Sunday,nie_weekend,wiosna
467,2022-03-07,nie_wakacje,nie_wolne,Monday,nie_weekend,wiosna
468,2022-03-08,nie_wakacje,nie_wolne,Tuesday,nie_weekend,wiosna
469,2022-03-09,nie_wakacje,nie_wolne,Wednesday,nie_weekend,wiosna
470,2022-03-10,nie_wakacje,nie_wolne,Thursday,nie_weekend,wiosna
471,2022-03-11,nie_wakacje,nie_wolne,Friday,tak_weekend,wiosna
472,2022-03-12,nie_wakacje,tak_wolne,Saturday,tak_weekend,wiosna
473,2022-03-13,nie_wakacje,tak_wolne,Sunday,nie_weekend,wiosna
474,2022-03-14,nie_wakacje,nie_wolne,Monday,nie_weekend,wiosna
475,2022-03-15,nie_wakacje,nie_wolne,Tuesday,nie_weekend,wiosna
476,2022-03-16,nie_wakacje,nie_wolne,Wednesday,nie_weekend,wiosna
477,2022-03-17,nie_wakacje,nie_wolne,Thursday,nie_weekend,wiosna
478,2022-03-18,nie_wakacje,nie_wolne,Friday,tak_weekend,wiosna
479,2022-03-19,nie_wakacje,tak_wolne,Saturday,tak_weekend,wiosna
480,2022-03-20,nie_wakacje,tak_wolne,Sunday,nie_weekend,wiosna
481,2022-03-21,nie_wakacje,nie_wolne,Monday,nie_weekend,wiosna
482,2022-03-22,nie_wakacje,nie_wolne,Tuesday,nie_weekend,wiosna
483,2022-03-23,nie_wakacje,nie_wolne,Wednesday,nie_weekend,wiosna
484,2022-03-24,nie_wakacje,nie_wolne,Thursday,nie_weekend,wiosna
485,2022-03-25,nie_wakacje,nie_wolne,Friday,tak_weekend,wiosna
486,2022-03-26,nie_wakacje,tak_wolne,Saturday,tak_weekend,wiosna
487,2022-03-27,nie_wakacje,tak_wolne,Sunday,nie_weekend,wiosna
488,2022-03-28,nie_wakacje,nie_wolne,Monday,nie_weekend,wiosna
489,2022-03-29,nie_wakacje,nie_wolne,Tuesday,nie_weekend,wiosna
490,2022-03-30,nie_wakacje,nie_wolne,Wednesday,nie_weekend,wiosna
491,2022-03-31,nie_wakacje,nie_wolne,Thursday,nie_weekend,wiosna
492,2022-04-01,nie_wakacje,nie_wolne,Friday,tak_weekend,wiosna
493,2022-04-02,nie_wakacje,tak_wolne,Saturday,tak_weekend,wiosna
494,2022-04-03,nie_wakacje,tak_wolne,Sunday,nie_weekend,wiosna
495,2022-04-04,nie_wakacje,nie_wolne,Monday,nie_weekend,wiosna
496,2022-04-05,nie_wakacje,nie_wolne,Tuesday,nie_weekend,wiosna
497,2022-04-06,nie_wakacje,nie_wolne,Wednesday,nie_weekend,wiosna
498,2022-04-07,nie_wakacje,nie_wolne,Thursday,nie_weekend,wiosna
499,2022-04-08,nie_wakacje,nie_wolne,Friday,tak_weekend,wiosna
500,2022-04-09,nie_wakacje,tak_wolne,Saturday,tak_weekend,wiosna
501,2022-04-10,nie_wakacje,tak_wolne,Sunday,nie_weekend,wiosna
502,2022-04-11,nie_wakacje,nie_wolne,Monday,nie_weekend,wiosna
503,2022-04-12,nie_wakacje,nie_wolne,Tuesday,nie_weekend,wiosna
504,2022-04-13,nie_wakacje,nie_wolne,Wednesday,nie_weekend,wiosna
505,2022-04-14,nie_wakacje,nie_wolne,Thursday,nie_weekend,wiosna
506,2022-04-15,nie_wakacje,nie_wolne,Friday,tak_weekend,wiosna
507,2022-04-16,nie_wakacje,tak_wolne,Saturday,tak_weekend,wiosna
508,2022-04-17,nie_wakacje,tak_wolne,Sunday,nie_weekend,wiosna
509,2022-04-18,nie_wakacje,nie_wolne,Monday,nie_weekend,wiosna
510,2022-04-19,nie_wakacje,nie_wolne,Tuesday,nie_weekend,wiosna
511,2022-04-20,nie_wakacje,nie_wolne,Wednesday,nie_weekend,wiosna
512,2022-04-21,nie_wakacje,nie_wolne,Thursday,nie_weekend,wiosna
513,2022-04-22,nie_wakacje,nie_wolne,Friday,tak_weekend,wiosna
514,2022-04-23,nie_wakacje,tak_wolne,Saturday,tak_weekend,wiosna
515,2022-04-24,nie_wakacje,tak_wolne,Sunday,nie_weekend,wiosna
516,2022-04-25,nie_wakacje,nie_wolne,Monday,nie_weekend,wiosna
517,2022-04-26,nie_wakacje,nie_wolne,Tuesday,nie_weekend,wiosna
518,2022-04-27,nie_wakacje,nie_wolne,Wednesday,nie_weekend,wiosna
519,2022-04-28,nie_wakacje,nie_wolne,Thursday,nie_weekend,wiosna
520,2022-04-29,nie_wakacje,nie_wolne,Friday,tak_weekend,wiosna
521,2022-04-30,nie_wakacje,tak_wolne,Saturday,tak_weekend,wiosna
522,2022-05-01,nie_wakacje,tak_wolne,Sunday,nie_weekend,wiosna
523,2022-05-02,nie_wakacje,nie_wolne,Monday,nie_weekend,wiosna
524,2022-05-03,nie_wakacje,nie_wolne,Tuesday,nie_weekend,wiosna
525,2022-05-04,nie_wakacje,nie_wolne,Wednesday,nie_weekend,wiosna
526,2022-05-05,nie_wakacje,nie_wolne,Thursday,nie_weekend,wiosna
527,2022-05-06,nie_wakacje,nie_wolne,Friday,tak_weekend,wiosna
528,2022-05-07,nie_wakacje,tak_wolne,Saturday,tak_weekend,wiosna
529,2022-05-08,nie_wakacje,tak_wolne,Sunday,nie_weekend,wiosna
530,2022-05-09,nie_wakacje,nie_wolne,Monday,nie_weekend,wiosna
531,2022-05-10,nie_wakacje,nie_wolne,Tuesday,nie_weekend,wiosna
532,2022-05-11,nie_wakacje,nie_wolne,Wednesday,nie_weekend,wiosna
533,2022-05-12,nie_wakacje,nie_wolne,Thursday,nie_weekend,wiosna
534,2022-05-13,nie_wakacje,nie_wolne,Friday,tak_weekend,wiosna
535,2022-05-14,nie_wakacje,tak_wolne,Saturday,tak_weekend,wiosna
536,2022-05-15,nie_wakacje,tak_wolne,Sunday,nie_weekend,wiosna
537,2022-05-16,nie_wakacje,nie_wolne,Monday,nie_weekend,wiosna
538,2022-05-17,nie_wakacje,nie_wolne,Tuesday,nie_weekend,wiosna
539,2022-05-18,nie_wakacje,nie_wolne,Wednesday,nie_weekend,wiosna
540,2022-05-19,nie_wakacje,nie_wolne,Thursday,nie_weekend,wiosna
541,2022-05-20,nie_wakacje,nie_wolne,Friday,tak_weekend,wiosna
542,2022-05-21,nie_wakacje,tak_wolne,Saturday,tak_weekend,wiosna
543,2022-05-22,nie_wakacje,tak_wolne,Sunday,nie_weekend,wiosna
544,2022-05-23,nie_wakacje,nie_wolne,Monday,nie_weekend,wiosna
545,2022-05-24,nie_wakacje,nie_wolne,Tuesday,nie_weekend,wiosna
546,2022-05-25,nie_wakacje,nie_wolne,Wednesday,nie_weekend,wiosna
547,2022-05-26,nie_wakacje,nie_wolne,Thursday,nie_weekend,wiosna
548,2022-05-27,nie_wakacje,nie_wolne,Friday,tak_weekend,wiosna
549,2022-05-28,nie_wakacje,tak_wolne,Saturday,tak_weekend,wiosna
550,2022-05-29,nie_wakacje,tak_wolne,Sunday,nie_weekend,wiosna
551,2022-05-30,nie_wakacje,nie_wolne,Monday,nie_weekend,wiosna
552,2022-05-31,nie_wakacje,nie_wolne,Tuesday,nie_weekend,wiosna
553,2022-06-01,tak_wakacje,nie_wolne,Wednesday,nie_weekend,lato
554,2022-06-02,tak_wakacje,nie_wolne,Thursday,nie_weekend,lato
555,2022-06-03,tak_wakacje,nie_wolne,Friday,tak_weekend,lato
556,2022-06-04,tak_wakacje,tak_wolne,Saturday,tak_weekend,lato
557,2022-06-05,tak_wakacje,tak_wolne,Sunday,nie_weekend,lato
558,2022-06-06,tak_wakacje,nie_wolne,Monday,nie_weekend,lato
559,2022-06-07,tak_wakacje,nie_wolne,Tuesday,nie_weekend,lato
560,2022-06-08,tak_wakacje,nie_wolne,Wednesday,nie_weekend,lato
561,2022-06-09,tak_wakacje,nie_wolne,Thursday,nie_weekend,lato
562,2022-06-10,tak_wakacje,nie_wolne,Friday,tak_weekend,lato
563,2022-06-11,tak_wakacje,tak_wolne,Saturday,tak_weekend,lato
564,2022-06-12,tak_wakacje,tak_wolne,Sunday,nie_weekend,lato
565,2022-06-13,tak_wakacje,nie_wolne,Monday,nie_weekend,lato
566,2022-06-14,tak_wakacje,nie_wolne,Tuesday,nie_weekend,lato
567,2022-06-15,tak_wakacje,nie_wolne,Wednesday,nie_weekend,lato
568,2022-06-16,tak_wakacje,nie_wolne,Thursday,nie_weekend,lato
569,2022-06-17,tak_wakacje,nie_wolne,Friday,tak_weekend,lato
570,2022-06-18,tak_wakacje,tak_wolne,Saturday,tak_weekend,lato
571,2022-06-19,tak_wakacje,tak_wolne,Sunday,nie_weekend,lato
572,2022-06-20,tak_wakacje,nie_wolne,Monday,nie_weekend,lato
573,2022-06-21,tak_wakacje,nie_wolne,Tuesday,nie_weekend,lato
574,2022-06-22,tak_wakacje,nie_wolne,Wednesday,nie_weekend,lato
575,2022-06-23,tak_wakacje,nie_wolne,Thursday,nie_weekend,lato
576,2022-06-24,tak_wakacje,nie_wolne,Friday,tak_weekend,lato
577,2022-06-25,tak_wakacje,tak_wolne,Saturday,tak_weekend,lato
578,2022-06-26,tak_wakacje,tak_wolne,Sunday,nie_weekend,lato
579,2022-06-27,tak_wakacje,nie_wolne,Monday,nie_weekend,lato
580,2022-06-28,tak_wakacje,nie_wolne,Tuesday,nie_weekend,lato
581,2022-06-29,tak_wakacje,nie_wolne,Wednesday,nie_weekend,lato
582,2022-06-30,tak_wakacje,nie_wolne,Thursday,nie_weekend,lato
583,2022-07-01,tak_wakacje,nie_wolne,Friday,tak_weekend,lato
584,2022-07-02,tak_wakacje,tak_wolne,Saturday,tak_weekend,lato
585,2022-07-03,tak_wakacje,tak_wolne,Sunday,nie_weekend,lato
586,2022-07-04,tak_wakacje,nie_wolne,Monday,nie_weekend,lato
587,2022-07-05,tak_wakacje,nie_wolne,Tuesday,nie_weekend,lato
588,2022-07-06,tak_wakacje,nie_wolne,Wednesday,nie_weekend,lato
589,2022-07-07,tak_wakacje,nie_wolne,Thursday,nie_weekend,lato
590,2022-07-08,tak_wakacje,nie_wolne,Friday,tak_weekend,lato
591,2022-07-09,tak_wakacje,tak_wolne,Saturday,tak_weekend,lato
592,2022-07-10,tak_wakacje,tak_wolne,Sunday,nie_weekend,lato
593,2022-07-11,tak_wakacje,nie_wolne,Monday,nie_weekend,lato
594,2022-07-12,tak_wakacje,nie_wolne,Tuesday,nie_weekend,lato
595,2022-07-13,tak_wakacje,nie_wolne,Wednesday,nie_weekend,lato
596,2022-07-14,tak_wakacje,nie_wolne,Thursday,nie_weekend,lato
597,2022-07-15,tak_wakacje,nie_wolne,Friday,tak_weekend,lato
598,2022-07-16,tak_wakacje,tak_wolne,Saturday,tak_weekend,lato
599,2022-07-17,tak_wakacje,tak_wolne,Sunday,nie_weekend,lato
600,2022-07-18,tak_wakacje,nie_wolne,Monday,nie_weekend,lato
601,2022-07-19,tak_wakacje,nie_wolne,Tuesday,nie_weekend,lato
602,2022-07-20,tak_wakacje,nie_wolne,Wednesday,nie_weekend,lato
603,2022-07-21,tak_wakacje,nie_wolne,Thursday,nie_weekend,lato
604,2022-07-22,tak_wakacje,nie_wolne,Friday,tak_weekend,lato
605,2022-07-23,tak_wakacje,tak_wolne,Saturday,tak_weekend,lato
606,2022-07-24,tak_wakacje,tak_wolne,Sunday,nie_weekend,lato
607,2022-07-25,tak_wakacje,nie_wolne,Monday,nie_weekend,lato
608,2022-07-26,tak_wakacje,nie_wolne,Tuesday,nie_weekend,lato
609,2022-07-27,tak_wakacje,nie_wolne,Wednesday,nie_weekend,lato
610,2022-07-28,tak_wakacje,nie_wolne,Thursday,nie_weekend,lato
611,2022-07-29,tak_wakacje,nie_wolne,Friday,tak_weekend,lato
612,2022-07-30,tak_wakacje,tak_wolne,Saturday,tak_weekend,lato
613,2022-07-31,tak_wakacje,tak_wolne,Sunday,nie_weekend,lato
614,2022-08-01,tak_wakacje,nie_wolne,Monday,nie_weekend,lato
615,2022-08-02,tak_wakacje,nie_wolne,Tuesday,nie_weekend,lato
616,2022-08-03,tak_wakacje,nie_wolne,Wednesday,nie_weekend,lato
617,2022-08-04,tak_wakacje,nie_wolne,Thursday,nie_weekend,lato
618,2022-08-05,tak_wakacje,nie_wolne,Friday,tak_weekend,lato
619,2022-08-06,tak_wakacje,tak_wolne,Saturday,tak_weekend,lato
620,2022-08-07,tak_wakacje,tak_wolne,Sunday,nie_weekend,lato
621,2022-08-08,tak_wakacje,nie_wolne,Monday,nie_weekend,lato
622,2022-08-09,tak_wakacje,nie_wolne,Tuesday,nie_weekend,lato
623,2022-08-10,tak_wakacje,nie_wolne,Wednesday,nie_weekend,lato
624,2022-08-11,tak_wakacje,nie_wolne,Thursday,nie_weekend,lato
625,2022-08-12,tak_wakacje,nie_wolne,Friday,tak_weekend,lato
626,2022-08-13,tak_wakacje,tak_wolne,Saturday,tak_weekend,lato
627,2022-08-14,tak_wakacje,tak_wolne,Sunday,nie_weekend,lato
628,2022-08-15,tak_wakacje,nie_wolne,Monday,nie_weekend,lato
629,2022-08-16,tak_wakacje,nie_wolne,Tuesday,nie_weekend,lato
630,2022-08-17,tak_wakacje,nie_wolne,Wednesday,nie_weekend,lato
631,2022-08-18,tak_wakacje,nie_wolne,Thursday,nie_weekend,lato
632,2022-08-19,tak_wakacje,nie_wolne,Friday,tak_weekend,lato
633,2022-08-20,tak_wakacje,tak_wolne,Saturday,tak_weekend,lato
634,2022-08-21,tak_wakacje,tak_wolne,Sunday,nie_weekend,lato
635,2022-08-22,tak_wakacje,nie_wolne,Monday,nie_weekend,lato
636,2022-08-23,tak_wakacje,nie_wolne,Tuesday,nie_weekend,lato
637,2022-08-24,tak_wakacje,nie_wolne,Wednesday,nie_weekend,lato
638,2022-08-25,tak_wakacje,nie_wolne,Thursday,nie_weekend,lato
639,2022-08-26,tak_wakacje,nie_wolne,Friday,tak_weekend,lato
640,2022-08-27,tak_wakacje,tak_wolne,Saturday,tak_weekend,lato
641,2022-08-28,tak_wakacje,tak_wolne,Sunday,nie_weekend,lato
642,2022-08-29,tak_wakacje,nie_wolne,Monday,nie_weekend,lato
643,2022-08-30,tak_wakacje,nie_wolne,Tuesday,nie_weekend,lato
644,2022-08-31,tak_wakacje,nie_wolne,Wednesday,nie_weekend,lato
645,2022-09-01,nie_wakacje,nie_wolne,Thursday,nie_weekend,jesien
646,2022-09-02,nie_wakacje,nie_wolne,Friday,tak_weekend,jesien
647,2022-09-03,nie_wakacje,tak_wolne,Saturday,tak_weekend,jesien
648,2022-09-04,nie_wakacje,tak_wolne,Sunday,nie_weekend,jesien
649,2022-09-05,nie_wakacje,nie_wolne,Monday,nie_weekend,jesien
650,2022-09-06,nie_wakacje,nie_wolne,Tuesday,nie_weekend,jesien
651,2022-09-07,nie_wakacje,nie_wolne,Wednesday,nie_weekend,jesien
652,2022-09-08,nie_wakacje,nie_wolne,Thursday,nie_weekend,jesien
653,2022-09-09,nie_wakacje,nie_wolne,Friday,tak_weekend,jesien
654,2022-09-10,nie_wakacje,tak_wolne,Saturday,tak_weekend,jesien
655,2022-09-11,nie_wakacje,tak_wolne,Sunday,nie_weekend,jesien
656,2022-09-12,nie_wakacje,nie_wolne,Monday,nie_weekend,jesien
657,2022-09-13,nie_wakacje,nie_wolne,Tuesday,nie_weekend,jesien
658,2022-09-14,nie_wakacje,nie_wolne,Wednesday,nie_weekend,jesien
659,2022-09-15,nie_wakacje,nie_wolne,Thursday,nie_weekend,jesien
660,2022-09-16,nie_wakacje,nie_wolne,Friday,tak_weekend,jesien
661,2022-09-17,nie_wakacje,tak_wolne,Saturday,tak_weekend,jesien
662,2022-09-18,nie_wakacje,tak_wolne,Sunday,nie_weekend,jesien
663,2022-09-19,nie_wakacje,nie_wolne,Monday,nie_weekend,jesien
664,2022-09-20,nie_wakacje,nie_wolne,Tuesday,nie_weekend,jesien
665,2022-09-21,nie_wakacje,nie_wolne,Wednesday,nie_weekend,jesien
666,2022-09-22,nie_wakacje,nie_wolne,Thursday,nie_weekend,jesien
667,2022-09-23,nie_wakacje,nie_wolne,Friday,tak_weekend,jesien
668,2022-09-24,nie_wakacje,tak_wolne,Saturday,tak_weekend,jesien
669,2022-09-25,nie_wakacje,tak_wolne,Sunday,nie_weekend,jesien
670,2022-09-26,nie_wakacje,nie_wolne,Monday,nie_weekend,jesien
671,2022-09-27,nie_wakacje,nie_wolne,Tuesday,nie_weekend,jesien
672,2022-09-28,nie_wakacje,nie_wolne,Wednesday,nie_weekend,jesien
673,2022-09-29,nie_wakacje,nie_wolne,Thursday,nie_weekend,jesien
674,2022-09-30,nie_wakacje,nie_wolne,Friday,tak_weekend,jesien
675,2022-10-01,nie_wakacje,tak_wolne,Saturday,tak_weekend,jesien
676,2022-10-02,nie_wakacje,tak_wolne,Sunday,nie_weekend,jesien
677,2022-10-03,nie_wakacje,nie_wolne,Monday,nie_weekend,jesien
678,2022-10-04,nie_wakacje,nie_wolne,Tuesday,nie_weekend,jesien
679,2022-10-05,nie_wakacje,nie_wolne,Wednesday,nie_weekend,jesien
680,2022-10-06,nie_wakacje,nie_wolne,Thursday,nie_weekend,jesien
681,2022-10-07,nie_wakacje,nie_wolne,Friday,tak_weekend,jesien
682,2022-10-08,nie_wakacje,tak_wolne,Saturday,tak_weekend,jesien
683,2022-10-09,nie_wakacje,tak_wolne,Sunday,nie_weekend,jesien
684,2022-10-10,nie_wakacje,nie_wolne,Monday,nie_weekend,jesien
685,2022-10-11,nie_wakacje,nie_wolne,Tuesday,nie_weekend,jesien
686,2022-10-12,nie_wakacje,nie_wolne,Wednesday,nie_weekend,jesien
687,2022-10-13,nie_wakacje,nie_wolne,Thursday,nie_weekend,jesien
688,2022-10-14,nie_wakacje,nie_wolne,Friday,tak_weekend,jesien
689,2022-10-15,nie_wakacje,tak_wolne,Saturday,tak_weekend,jesien
690,2022-10-16,nie_wakacje,tak_wolne,Sunday,nie_weekend,jesien
691,2022-10-17,nie_wakacje,nie_wolne,Monday,nie_weekend,jesien
692,2022-10-18,nie_wakacje,nie_wolne,Tuesday,nie_weekend,jesien
693,2022-10-19,nie_wakacje,nie_wolne,Wednesday,nie_weekend,jesien
694,2022-10-20,nie_wakacje,nie_wolne,Thursday,nie_weekend,jesien
695,2022-10-21,nie_wakacje,nie_wolne,Friday,tak_weekend,jesien
696,2022-10-22,nie_wakacje,tak_wolne,Saturday,tak_weekend,jesien
697,2022-10-23,nie_wakacje,tak_wolne,Sunday,nie_weekend,jesien
698,2022-10-24,nie_wakacje,nie_wolne,Monday,nie_weekend,jesien
699,2022-10-25,nie_wakacje,nie_wolne,Tuesday,nie_weekend,jesien
700,2022-10-26,nie_wakacje,nie_wolne,Wednesday,nie_weekend,jesien
701,2022-10-27,nie_wakacje,nie_wolne,Thursday,nie_weekend,jesien
702,2022-10-28,nie_wakacje,nie_wolne,Friday,tak_weekend,jesien
703,2022-10-29,nie_wakacje,tak_wolne,Saturday,tak_weekend,jesien
704,2022-10-30,nie_wakacje,tak_wolne,Sunday,nie_weekend,jesien
705,2022-10-31,nie_wakacje,nie_wolne,Monday,nie_weekend,jesien
706,2022-11-01,nie_wakacje,nie_wolne,Tuesday,nie_weekend,jesien
707,2022-11-02,nie_wakacje,nie_wolne,Wednesday,nie_weekend,jesien
708,2022-11-03,nie_wakacje,nie_wolne,Thursday,nie_weekend,jesien
709,2022-11-04,nie_wakacje,nie_wolne,Friday,tak_weekend,jesien
710,2022-11-05,nie_wakacje,tak_wolne,Saturday,tak_weekend,jesien
711,2022-11-06,nie_wakacje,tak_wolne,Sunday,nie_weekend,jesien
712,2022-11-07,nie_wakacje,nie_wolne,Monday,nie_weekend,jesien
713,2022-11-08,nie_wakacje,nie_wolne,Tuesday,nie_weekend,jesien
714,2022-11-09,nie_wakacje,nie_wolne,Wednesday,nie_weekend,jesien
715,2022-11-10,nie_wakacje,nie_wolne,Thursday,nie_weekend,jesien
716,2022-11-11,nie_wakacje,nie_wolne,Friday,tak_weekend,jesien
717,2022-11-12,nie_wakacje,tak_wolne,Saturday,tak_weekend,jesien
718,2022-11-13,nie_wakacje,tak_wolne,Sunday,nie_weekend,jesien
719,2022-11-14,nie_wakacje,nie_wolne,Monday,nie_weekend,jesien
720,2022-11-15,nie_wakacje,nie_wolne,Tuesday,nie_weekend,jesien
721,2022-11-16,nie_wakacje,nie_wolne,Wednesday,nie_weekend,jesien
722,2022-11-17,nie_wakacje,nie_wolne,Thursday,nie_weekend,jesien
723,2022-11-18,nie_wakacje,nie_wolne,Friday,tak_weekend,jesien
724,2022-11-19,nie_wakacje,tak_wolne,Saturday,tak_weekend,jesien
725,2022-11-20,nie_wakacje,tak_wolne,Sunday,nie_weekend,jesien
726,2022-11-21,nie_wakacje,nie_wolne,Monday,nie_weekend,jesien
727,2022-11-22,nie_wakacje,nie_wolne,Tuesday,nie_weekend,jesien
728,2022-11-23,nie_wakacje,nie_wolne,Wednesday,nie_weekend,jesien
729,2022-11-24,nie_wakacje,nie_wolne,Thursday,nie_weekend,jesien
730,2022-11-25,nie_wakacje,nie_wolne,Friday,tak_weekend,jesien
731,2022-11-26,nie_wakacje,tak_wolne,Saturday,tak_weekend,jesien
732,2022-11-27,nie_wakacje,tak_wolne,Sunday,nie_weekend,jesien
733,2022-11-28,nie_wakacje,nie_wolne,Monday,nie_weekend,jesien
734,2022-11-29,nie_wakacje,nie_wolne,Tuesday,nie_weekend,jesien
735,2022-11-30,nie_wakacje,nie_wolne,Wednesday,nie_weekend,jesien
736,2022-12-01,nie_wakacje,nie_wolne,Thursday,nie_weekend,zima
737,2022-12-02,nie_wakacje,nie_wolne,Friday,tak_weekend,zima
738,2022-12-03,nie_wakacje,tak_wolne,Saturday,tak_weekend,zima
739,2022-12-04,nie_wakacje,tak_wolne,Sunday,nie_weekend,zima
740,2022-12-05,nie_wakacje,nie_wolne,Monday,nie_weekend,zima
741,2022-12-06,nie_wakacje,nie_wolne,Tuesday,nie_weekend,zima
742,2022-12-07,nie_wakacje,nie_wolne,Wednesday,nie_weekend,zima
743,2022-12-08,nie_wakacje,nie_wolne,Thursday,nie_weekend,zima
744,2022-12-09,nie_wakacje,nie_wolne,Friday,tak_weekend,zima
745,2022-12-10,nie_wakacje,tak_wolne,Saturday,tak_weekend,zima
746,2022-12-11,nie_wakacje,tak_wolne,Sunday,nie_weekend,zima
747,2022-12-12,nie_wakacje,nie_wolne,Monday,nie_weekend,zima
748,2022-12-13,nie_wakacje,nie_wolne,Tuesday,nie_weekend,zima
749,2022-12-14,nie_wakacje,nie_wolne,Wednesday,nie_weekend,zima
750,2022-12-15,nie_wakacje,nie_wolne,Thursday,nie_weekend,zima
751,2022-12-16,nie_wakacje,nie_wolne,Friday,tak_weekend,zima
752,2022-12-17,nie_wakacje,tak_wolne,Saturday,tak_weekend,zima
753,2022-12-18,nie_wakacje,tak_wolne,Sunday,nie_weekend,zima
754,2022-12-19,nie_wakacje,nie_wolne,Monday,nie_weekend,zima
755,2022-12-20,nie_wakacje,nie_wolne,Tuesday,nie_weekend,zima
756,2022-12-21,nie_wakacje,nie_wolne,Wednesday,nie_weekend,zima
757,2022-12-22,nie_wakacje,nie_wolne,Thursday,nie_weekend,zima
758,2022-12-23,nie_wakacje,nie_wolne,Friday,tak_weekend,zima
759,2022-12-24,nie_wakacje,tak_wolne,Saturday,tak_weekend,zima
760,2022-12-25,nie_wakacje,tak_wolne,Sunday,nie_weekend,zima
761,2022-12-26,nie_wakacje,nie_wolne,Monday,nie_weekend,zima
762,2022-12-27,nie_wakacje,nie_wolne,Tuesday,nie_weekend,zima
763,2022-12-28,nie_wakacje,nie_wolne,Wednesday,nie_weekend,zima
764,2022-12-29,nie_wakacje,nie_wolne,Thursday,nie_weekend,zima
765,2022-12-30,nie_wakacje,nie_wolne,Friday,tak_weekend,zima
766,2022-12-31,nie_wakacje,tak_wolne,Saturday,tak_weekend,zima
767,2023-01-01,nie_wakacje,tak_wolne,Sunday,nie_weekend,zima
768,2023-01-02,nie_wakacje,nie_wolne,Monday,nie_weekend,zima
769,2023-01-03,nie_wakacje,nie_wolne,Tuesday,nie_weekend,zima
770,2023-01-04,nie_wakacje,nie_wolne,Wednesday,nie_weekend,zima
771,2023-01-05,nie_wakacje,nie_wolne,Thursday,nie_weekend,zima
772,2023-01-06,nie_wakacje,nie_wolne,Friday,tak_weekend,zima
773,2023-01-07,nie_wakacje,tak_wolne,Saturday,tak_weekend,zima
774,2023-01-08,nie_wakacje,tak_wolne,Sunday,nie_weekend,zima
775,2023-01-09,nie_wakacje,nie_wolne,Monday,nie_weekend,zima
776,2023-01-10,nie_wakacje,nie_wolne,Tuesday,nie_weekend,zima
777,2023-01-11,nie_wakacje,nie_wolne,Wednesday,nie_weekend,zima
778,2023-01-12,nie_wakacje,nie_wolne,Thursday,nie_weekend,zima
779,2023-01-13,nie_wakacje,nie_wolne,Friday,tak_weekend,zima
780,2023-01-14,nie_wakacje,tak_wolne,Saturday,tak_weekend,zima
781,2023-01-15,nie_wakacje,tak_wolne,Sunday,nie_weekend,zima
782,2023-01-16,nie_wakacje,nie_wolne,Monday,nie_weekend,zima
783,2023-01-17,nie_wakacje,nie_wolne,Tuesday,nie_weekend,zima
784,2023-01-18,nie_wakacje,nie_wolne,Wednesday,nie_weekend,zima
785,2023-01-19,nie_wakacje,nie_wolne,Thursday,nie_weekend,zima
786,2023-01-20,nie_wakacje,nie_wolne,Friday,tak_weekend,zima
787,2023-01-21,nie_wakacje,tak_wolne,Saturday,tak_weekend,zima
788,2023-01-22,nie_wakacje,tak_wolne,Sunday,nie_weekend,zima
789,2023-01-23,nie_wakacje,nie_wolne,Monday,nie_weekend,zima
790,2023-01-24,nie_wakacje,nie_wolne,Tuesday,nie_weekend,zima
791,2023-01-25,nie_wakacje,nie_wolne,Wednesday,nie_weekend,zima
792,2023-01-26,nie_wakacje,nie_wolne,Thursday,nie_weekend,zima
793,2023-01-27,nie_wakacje,nie_wolne,Friday,tak_weekend,zima
794,2023-01-28,nie_wakacje,tak_wolne,Saturday,tak_weekend,zima
795,2023-01-29,nie_wakacje,tak_wolne,Sunday,nie_weekend,zima
796,2023-01-30,nie_wakacje,nie_wolne,Monday,nie_weekend,zima
797,2023-01-31,nie_wakacje,nie_wolne,Tuesday,nie_weekend,zima
798,2023-02-01,nie_wakacje,nie_wolne,Wednesday,nie_weekend,zima
799,2023-02-02,nie_wakacje,nie_wolne,Thursday,nie_weekend,zima
800,2023-02-03,nie_wakacje,nie_wolne,Friday,tak_weekend,zima
801,2023-02-04,nie_wakacje,tak_wolne,Saturday,tak_weekend,zima
802,2023-02-05,nie_wakacje,tak_wolne,Sunday,nie_weekend,zima
803,2023-02-06,nie_wakacje,nie_wolne,Monday,nie_weekend,zima
804,2023-02-07,nie_wakacje,nie_wolne,Tuesday,nie_weekend,zima
805,2023-02-08,nie_wakacje,nie_wolne,Wednesday,nie_weekend,zima
806,2023-02-09,nie_wakacje,nie_wolne,Thursday,nie_weekend,zima
807,2023-02-10,nie_wakacje,nie_wolne,Friday,tak_weekend,zima
808,2023-02-11,nie_wakacje,tak_wolne,Saturday,tak_weekend,zima
809,2023-02-12,nie_wakacje,tak_wolne,Sunday,nie_weekend,zima
810,2023-02-13,nie_wakacje,nie_wolne,Monday,nie_weekend,zima
811,2023-02-14,nie_wakacje,nie_wolne,Tuesday,nie_weekend,zima
812,2023-02-15,nie_wakacje,nie_wolne,Wednesday,nie_weekend,zima
813,2023-02-16,nie_wakacje,nie_wolne,Thursday,nie_weekend,zima
814,2023-02-17,nie_wakacje,nie_wolne,Friday,tak_weekend,zima
815,2023-02-18,nie_wakacje,tak_wolne,Saturday,tak_weekend,zima
816,2023-02-19,nie_wakacje,tak_wolne,Sunday,nie_weekend,zima
817,2023-02-20,nie_wakacje,nie_wolne,Monday,nie_weekend,zima
818,2023-02-21,nie_wakacje,nie_wolne,Tuesday,nie_weekend,zima
819,2023-02-22,nie_wakacje,nie_wolne,Wednesday,nie_weekend,zima
820,2023-02-23,nie_wakacje,nie_wolne,Thursday,nie_weekend,zima
821,2023-02-24,nie_wakacje,nie_wolne,Friday,tak_weekend,zima
822,2023-02-25,nie_wakacje,tak_wolne,Saturday,tak_weekend,zima
823,2023-02-26,nie_wakacje,tak_wolne,Sunday,nie_weekend,zima
824,2023-02-27,nie_wakacje,nie_wolne,Monday,nie_weekend,zima
825,2023-02-28,nie_wakacje,nie_wolne,Tuesday,nie_weekend,zima
826,2023-03-01,nie_wakacje,nie_wolne,Wednesday,nie_weekend,wiosna
827,2023-03-02,nie_wakacje,nie_wolne,Thursday,nie_weekend,wiosna
828,2023-03-03,nie_wakacje,nie_wolne,Friday,tak_weekend,wiosna
829,2023-03-04,nie_wakacje,tak_wolne,Saturday,tak_weekend,wiosna
830,2023-03-05,nie_wakacje,tak_wolne,Sunday,nie_weekend,wiosna
831,2023-03-06,nie_wakacje,nie_wolne,Monday,nie_weekend,wiosna
832,2023-03-07,nie_wakacje,nie_wolne,Tuesday,nie_weekend,wiosna
833,2023-03-08,nie_wakacje,nie_wolne,Wednesday,nie_weekend,wiosna
834,2023-03-09,nie_wakacje,nie_wolne,Thursday,nie_weekend,wiosna
835,2023-03-10,nie_wakacje,nie_wolne,Friday,tak_weekend,wiosna
836,2023-03-11,nie_wakacje,tak_wolne,Saturday,tak_weekend,wiosna
837,2023-03-12,nie_wakacje,tak_wolne,Sunday,nie_weekend,wiosna
838,2023-03-13,nie_wakacje,nie_wolne,Monday,nie_weekend,wiosna
839,2023-03-14,nie_wakacje,nie_wolne,Tuesday,nie_weekend,wiosna
840,2023-03-15,nie_wakacje,nie_wolne,Wednesday,nie_weekend,wiosna
841,2023-03-16,nie_wakacje,nie_wolne,Thursday,nie_weekend,wiosna
842,2023-03-17,nie_wakacje,nie_wolne,Friday,tak_weekend,wiosna
843,2023-03-18,nie_wakacje,tak_wolne,Saturday,tak_weekend,wiosna
844,2023-03-19,nie_wakacje,tak_wolne,Sunday,nie_weekend,wiosna
845,2023-03-20,nie_wakacje,nie_wolne,Monday,nie_weekend,wiosna
846,2023-03-21,nie_wakacje,nie_wolne,Tuesday,nie_weekend,wiosna
847,2023-03-22,nie_wakacje,nie_wolne,Wednesday,nie_weekend,wiosna
848,2023-03-23,nie_wakacje,nie_wolne,Thursday,nie_weekend,wiosna
849,2023-03-24,nie_wakacje,nie_wolne,Friday,tak_weekend,wiosna
850,2023-03-25,nie_wakacje,tak_wolne,Saturday,tak_weekend,wiosna
851,2023-03-26,nie_wakacje,tak_wolne,Sunday,nie_weekend,wiosna
852,2023-03-27,nie_wakacje,nie_wolne,Monday,nie_weekend,wiosna
853,2023-03-28,nie_wakacje,nie_wolne,Tuesday,nie_weekend,wiosna
854,2023-03-29,nie_wakacje,nie_wolne,Wednesday,nie_weekend,wiosna
855,2023-03-30,nie_wakacje,nie_wolne,Thursday,nie_weekend,wiosna
856,2023-03-31,nie_wakacje,nie_wolne,Friday,tak_weekend,wiosna
857,2023-04-01,nie_wakacje,tak_wolne,Saturday,tak_weekend,wiosna
858,2023-04-02,nie_wakacje,tak_wolne,Sunday,nie_weekend,wiosna
859,2023-04-03,nie_wakacje,nie_wolne,Monday,nie_weekend,wiosna
860,2023-04-04,nie_wakacje,nie_wolne,Tuesday,nie_weekend,wiosna
861,2023-04-05,nie_wakacje,nie_wolne,Wednesday,nie_weekend,wiosna
862,2023-04-06,nie_wakacje,nie_wolne,Thursday,nie_weekend,wiosna
863,2023-04-07,nie_wakacje,nie_wolne,Friday,tak_weekend,wiosna
864,2023-04-08,nie_wakacje,tak_wolne,Saturday,tak_weekend,wiosna
865,2023-04-09,nie_wakacje,tak_wolne,Sunday,nie_weekend,wiosna
866,2023-04-10,nie_wakacje,nie_wolne,Monday,nie_weekend,wiosna
867,2023-04-11,nie_wakacje,nie_wolne,Tuesday,nie_weekend,wiosna
868,2023-04-12,nie_wakacje,nie_wolne,Wednesday,nie_weekend,wiosna
869,2023-04-13,nie_wakacje,nie_wolne,Thursday,nie_weekend,wiosna
870,2023-04-14,nie_wakacje,nie_wolne,Friday,tak_weekend,wiosna
871,2023-04-15,nie_wakacje,tak_wolne,Saturday,tak_weekend,wiosna
872,2023-04-16,nie_wakacje,tak_wolne,Sunday,nie_weekend,wiosna
873,2023-04-17,nie_wakacje,nie_wolne,Monday,nie_weekend,wiosna
874,2023-04-18,nie_wakacje,nie_wolne,Tuesday,nie_weekend,wiosna
875,2023-04-19,nie_wakacje,nie_wolne,Wednesday,nie_weekend,wiosna
876,2023-04-20,nie_wakacje,nie_wolne,Thursday,nie_weekend,wiosna
877,2023-04-21,nie_wakacje,nie_wolne,Friday,tak_weekend,wiosna
878,2023-04-22,nie_wakacje,tak_wolne,Saturday,tak_weekend,wiosna
879,2023-04-23,nie_wakacje,tak_wolne,Sunday,nie_weekend,wiosna
880,2023-04-24,nie_wakacje,nie_wolne,Monday,nie_weekend,wiosna
881,2023-04-25,nie_wakacje,nie_wolne,Tuesday,nie_weekend,wiosna
882,2023-04-26,nie_wakacje,nie_wolne,Wednesday,nie_weekend,wiosna
883,2023-04-27,nie_wakacje,nie_wolne,Thursday,nie_weekend,wiosna
884,2023-04-28,nie_wakacje,nie_wolne,Friday,tak_weekend,wiosna
885,2023-04-29,nie_wakacje,tak_wolne,Saturday,tak_weekend,wiosna
886,2023-04-30,nie_wakacje,tak_wolne,Sunday,nie_weekend,wiosna
887,2023-05-01,nie_wakacje,nie_wolne,Monday,nie_weekend,wiosna
888,2023-05-02,nie_wakacje,nie_wolne,Tuesday,nie_weekend,wiosna
889,2023-05-03,nie_wakacje,nie_wolne,Wednesday,nie_weekend,wiosna
890,2023-05-04,nie_wakacje,nie_wolne,Thursday,nie_weekend,wiosna
891,2023-05-05,nie_wakacje,nie_wolne,Friday,tak_weekend,wiosna
892,2023-05-06,nie_wakacje,tak_wolne,Saturday,tak_weekend,wiosna
893,2023-05-07,nie_wakacje,tak_wolne,Sunday,nie_weekend,wiosna
894,2023-05-08,nie_wakacje,nie_wolne,Monday,nie_weekend,wiosna
895,2023-05-09,nie_wakacje,nie_wolne,Tuesday,nie_weekend,wiosna
896,2023-05-10,nie_wakacje,nie_wolne,Wednesday,nie_weekend,wiosna
897,2023-05-11,nie_wakacje,nie_wolne,Thursday,nie_weekend,wiosna
898,2023-05-12,nie_wakacje,nie_wolne,Friday,tak_weekend,wiosna
899,2023-05-13,nie_wakacje,tak_wolne,Saturday,tak_weekend,wiosna
900,2023-05-14,nie_wakacje,tak_wolne,Sunday,nie_weekend,wiosna
901,2023-05-15,nie_wakacje,nie_wolne,Monday,nie_weekend,wiosna
902,2023-05-16,nie_wakacje,nie_wolne,Tuesday,nie_weekend,wiosna
903,2023-05-17,nie_wakacje,nie_wolne,Wednesday,nie_weekend,wiosna
904,2023-05-18,nie_wakacje,nie_wolne,Thursday,nie_weekend,wiosna
905,2023-05-19,nie_wakacje,nie_wolne,Friday,tak_weekend,wiosna
906,2023-05-20,nie_wakacje,tak_wolne,Saturday,tak_weekend,wiosna
907,2023-05-21,nie_wakacje,tak_wolne,Sunday,nie_weekend,wiosna
908,2023-05-22,nie_wakacje,nie_wolne,Monday,nie_weekend,wiosna
909,2023-05-23,nie_wakacje,nie_wolne,Tuesday,nie_weekend,wiosna
910,2023-05-24,nie_wakacje,nie_wolne,Wednesday,nie_weekend,wiosna
911,2023-05-25,nie_wakacje,nie_wolne,Thursday,nie_weekend,wiosna
912,2023-05-26,nie_wakacje,nie_wolne,Friday,tak_weekend,wiosna
913,2023-05-27,nie_wakacje,tak_wolne,Saturday,tak_weekend,wiosna
914,2023-05-28,nie_wakacje,tak_wolne,Sunday,nie_weekend,wiosna
915,2023-05-29,nie_wakacje,nie_wolne,Monday,nie_weekend,wiosna
916,2023-05-30,nie_wakacje,nie_wolne,Tuesday,nie_weekend,wiosna
917,2023-05-31,nie_wakacje,nie_wolne,Wednesday,nie_weekend,wiosna
918,2023-06-01,tak_wakacje,nie_wolne,Thursday,nie_weekend,lato
919,2023-06-02,tak_wakacje,nie_wolne,Friday,tak_weekend,lato
920,2023-06-03,tak_wakacje,tak_wolne,Saturday,tak_weekend,lato
921,2023-06-04,tak_wakacje,tak_wolne,Sunday,nie_weekend,lato
922,2023-06-05,tak_wakacje,nie_wolne,Monday,nie_weekend,lato
923,2023-06-06,tak_wakacje,nie_wolne,Tuesday,nie_weekend,lato
924,2023-06-07,tak_wakacje,nie_wolne,Wednesday,nie_weekend,lato
925,2023-06-08,tak_wakacje,nie_wolne,Thursday,nie_weekend,lato
926,2023-06-09,tak_wakacje,nie_wolne,Friday,tak_weekend,lato
927,2023-06-10,tak_wakacje,tak_wolne,Saturday,tak_weekend,lato
928,2023-06-11,tak_wakacje,tak_wolne,Sunday,nie_weekend,lato
929,2023-06-12,tak_wakacje,nie_wolne,Monday,nie_weekend,lato
930,2023-06-13,tak_wakacje,nie_wolne,Tuesday,nie_weekend,lato
931,2023-06-14,tak_wakacje,nie_wolne,Wednesday,nie_weekend,lato
932,2023-06-15,tak_wakacje,nie_wolne,Thursday,nie_weekend,lato
933,2023-06-16,tak_wakacje,nie_wolne,Friday,tak_weekend,lato
934,2023-06-17,tak_wakacje,tak_wolne,Saturday,tak_weekend,lato
935,2023-06-18,tak_wakacje,tak_wolne,Sunday,nie_weekend,lato
936,2023-06-19,tak_wakacje,nie_wolne,Monday,nie_weekend,lato
937,2023-06-20,tak_wakacje,nie_wolne,Tuesday,nie_weekend,lato
938,2023-06-21,tak_wakacje,nie_wolne,Wednesday,nie_weekend,lato
939,2023-06-22,tak_wakacje,nie_wolne,Thursday,nie_weekend,lato
940,2023-06-23,tak_wakacje,nie_wolne,Friday,tak_weekend,lato
941,2023-06-24,tak_wakacje,tak_wolne,Saturday,tak_weekend,lato
942,2023-06-25,tak_wakacje,tak_wolne,Sunday,nie_weekend,lato
943,2023-06-26,tak_wakacje,nie_wolne,Monday,nie_weekend,lato
944,2023-06-27,tak_wakacje,nie_wolne,Tuesday,nie_weekend,lato
945,2023-06-28,tak_wakacje,nie_wolne,Wednesday,nie_weekend,lato
946,2023-06-29,tak_wakacje,nie_wolne,Thursday,nie_weekend,lato
947,2023-06-30,tak_wakacje,nie_wolne,Friday,tak_weekend,lato
948,2023-07-01,tak_wakacje,tak_wolne,Saturday,tak_weekend,lato
949,2023-07-02,tak_wakacje,tak_wolne,Sunday,nie_weekend,lato
950,2023-07-03,tak_wakacje,nie_wolne,Monday,nie_weekend,lato
951,2023-07-04,tak_wakacje,nie_wolne,Tuesday,nie_weekend,lato
952,2023-07-05,tak_wakacje,nie_wolne,Wednesday,nie_weekend,lato
953,2023-07-06,tak_wakacje,nie_wolne,Thursday,nie_weekend,lato
954,2023-07-07,tak_wakacje,nie_wolne,Friday,tak_weekend,lato
955,2023-07-08,tak_wakacje,tak_wolne,Saturday,tak_weekend,lato
956,2023-07-09,tak_wakacje,tak_wolne,Sunday,nie_weekend,lato
957,2023-07-10,tak_wakacje,nie_wolne,Monday,nie_weekend,lato
958,2023-07-11,tak_wakacje,nie_wolne,Tuesday,nie_weekend,lato
959,2023-07-12,tak_wakacje,nie_wolne,Wednesday,nie_weekend,lato
960,2023-07-13,tak_wakacje,nie_wolne,Thursday,nie_weekend,lato
961,2023-07-14,tak_wakacje,nie_wolne,Friday,tak_weekend,lato
962,2023-07-15,tak_wakacje,tak_wolne,Saturday,tak_weekend,lato
963,2023-07-16,tak_wakacje,tak_wolne,Sunday,nie_weekend,lato
964,2023-07-17,tak_wakacje,nie_wolne,Monday,nie_weekend,lato
965,2023-07-18,tak_wakacje,nie_wolne,Tuesday,nie_weekend,lato
966,2023-07-19,tak_wakacje,nie_wolne,Wednesday,nie_weekend,lato
967,2023-07-20,tak_wakacje,nie_wolne,Thursday,nie_weekend,lato
968,2023-07-21,tak_wakacje,nie_wolne,Friday,tak_weekend,lato
969,2023-07-22,tak_wakacje,tak_wolne,Saturday,tak_weekend,lato
970,2023-07-23,tak_wakacje,tak_wolne,Sunday,nie_weekend,lato
971,2023-07-24,tak_wakacje,nie_wolne,Monday,nie_weekend,lato
972,2023-07-25,tak_wakacje,nie_wolne,Tuesday,nie_weekend,lato
973,2023-07-26,tak_wakacje,nie_wolne,Wednesday,nie_weekend,lato
974,2023-07-27,tak_wakacje,nie_wolne,Thursday,nie_weekend,lato
975,2023-07-28,tak_wakacje,nie_wolne,Friday,tak_weekend,lato
976,2023-07-29,tak_wakacje,tak_wolne,Saturday,tak_weekend,lato
977,2023-07-30,tak_wakacje,tak_wolne,Sunday,nie_weekend,lato
978,2023-07-31,tak_wakacje,nie_wolne,Monday,nie_weekend,lato
979,2023-08-01,tak_wakacje,nie_wolne,Tuesday,nie_weekend,lato
980,2023-08-02,tak_wakacje,nie_wolne,Wednesday,nie_weekend,lato
981,2023-08-03,tak_wakacje,nie_wolne,Thursday,nie_weekend,lato
982,2023-08-04,tak_wakacje,nie_wolne,Friday,tak_weekend,lato
983,2023-08-05,tak_wakacje,tak_wolne,Saturday,tak_weekend,lato
984,2023-08-06,tak_wakacje,tak_wolne,Sunday,nie_weekend,lato
985,2023-08-07,tak_wakacje,nie_wolne,Monday,nie_weekend,lato
986,2023-08-08,tak_wakacje,nie_wolne,Tuesday,nie_weekend,lato
987,2023-08-09,tak_wakacje,nie_wolne,Wednesday,nie_weekend,lato
988,2023-08-10,tak_wakacje,nie_wolne,Thursday,nie_weekend,lato
989,2023-08-11,tak_wakacje,nie_wolne,Friday,tak_weekend,lato
990,2023-08-12,tak_wakacje,tak_wolne,Saturday,tak_weekend,lato
991,2023-08-13,tak_wakacje,tak_wolne,Sunday,nie_weekend,lato
992,2023-08-14,tak_wakacje,nie_wolne,Monday,nie_weekend,lato
993,2023-08-15,tak_wakacje,nie_wolne,Tuesday,nie_weekend,lato
994,2023-08-16,tak_wakacje,nie_wolne,Wednesday,nie_weekend,lato
995,2023-08-17,tak_wakacje,nie_wolne,Thursday,nie_weekend,lato
996,2023-08-18,tak_wakacje,nie_wolne,Friday,tak_weekend,lato
997,2023-08-19,tak_wakacje,tak_wolne,Saturday,tak_weekend,lato
998,2023-08-20,tak_wakacje,tak_wolne,Sunday,nie_weekend,lato
999,2023-08-21,tak_wakacje,nie_wolne,Monday,nie_weekend,lato
1000,2023-08-22,tak_wakacje,nie_wolne,Tuesday,nie_weekend,lato
1001,2023-08-23,tak_wakacje,nie_wolne,Wednesday,nie_weekend,lato
1002,2023-08-24,tak_wakacje,nie_wolne,Thursday,nie_weekend,lato
1003,2023-08-25,tak_wakacje,nie_wolne,Friday,tak_weekend,lato
1004,2023-08-26,tak_wakacje,tak_wolne,Saturday,tak_weekend,lato
1005,2023-08-27,tak_wakacje,tak_wolne,Sunday,nie_weekend,lato
1006,2023-08-28,tak_wakacje,nie_wolne,Monday,nie_weekend,lato
1007,2023-08-29,tak_wakacje,nie_wolne,Tuesday,nie_weekend,lato
1008,2023-08-30,tak_wakacje,nie_wolne,Wednesday,nie_weekend,lato
1009,2023-08-31,tak_wakacje,nie_wolne,Thursday,nie_weekend,lato
1010,2023-09-01,nie_wakacje,nie_wolne,Friday,tak_weekend,jesien
1011,2023-09-02,nie_wakacje,tak_wolne,Saturday,tak_weekend,jesien
1012,2023-09-03,nie_wakacje,tak_wolne,Sunday,nie_weekend,jesien
1013,2023-09-04,nie_wakacje,nie_wolne,Monday,nie_weekend,jesien
1014,2023-09-05,nie_wakacje,nie_wolne,Tuesday,nie_weekend,jesien
1015,2023-09-06,nie_wakacje,nie_wolne,Wednesday,nie_weekend,jesien
1016,2023-09-07,nie_wakacje,nie_wolne,Thursday,nie_weekend,jesien
1017,2023-09-08,nie_wakacje,nie_wolne,Friday,tak_weekend,jesien
1018,2023-09-09,nie_wakacje,tak_wolne,Saturday,tak_weekend,jesien
1019,2023-09-10,nie_wakacje,tak_wolne,Sunday,nie_weekend,jesien
1020,2023-09-11,nie_wakacje,nie_wolne,Monday,nie_weekend,jesien
1021,2023-09-12,nie_wakacje,nie_wolne,Tuesday,nie_weekend,jesien
1022,2023-09-13,nie_wakacje,nie_wolne,Wednesday,nie_weekend,jesien
1023,2023-09-14,nie_wakacje,nie_wolne,Thursday,nie_weekend,jesien
1024,2023-09-15,nie_wakacje,nie_wolne,Friday,tak_weekend,jesien
1025,2023-09-16,nie_wakacje,tak_wolne,Saturday,tak_weekend,jesien
1026,2023-09-17,nie_wakacje,tak_wolne,Sunday,nie_weekend,jesien
1027,2023-09-18,nie_wakacje,nie_wolne,Monday,nie_weekend,jesien
1028,2023-09-19,nie_wakacje,nie_wolne,Tuesday,nie_weekend,jesien
1029,2023-09-20,nie_wakacje,nie_wolne,Wednesday,nie_weekend,jesien
1030,2023-09-21,nie_wakacje,nie_wolne,Thursday,nie_weekend,jesien
1031,2023-09-22,nie_wakacje,nie_wolne,Friday,tak_weekend,jesien
1032,2023-09-23,nie_wakacje,tak_wolne,Saturday,tak_weekend,jesien
1033,2023-09-24,nie_wakacje,tak_wolne,Sunday,nie_weekend,jesien
1034,2023-09-25,nie_wakacje,nie_wolne,Monday,nie_weekend,jesien
1035,2023-09-26,nie_wakacje,nie_wolne,Tuesday,nie_weekend,jesien
1036,2023-09-27,nie_wakacje,nie_wolne,Wednesday,nie_weekend,jesien
1037,2023-09-28,nie_wakacje,nie_wolne,Thursday,nie_weekend,jesien
1038,2023-09-29,nie_wakacje,nie_wolne,Friday,tak_weekend,jesien
1039,2023-09-30,nie_wakacje,tak_wolne,Saturday,tak_weekend,jesien
1040,2023-10-01,nie_wakacje,tak_wolne,Sunday,nie_weekend,jesien
1041,2023-10-02,nie_wakacje,nie_wolne,Monday,nie_weekend,jesien
1042,2023-10-03,nie_wakacje,nie_wolne,Tuesday,nie_weekend,jesien
1043,2023-10-04,nie_wakacje,nie_wolne,Wednesday,nie_weekend,jesien
1044,2023-10-05,nie_wakacje,nie_wolne,Thursday,nie_weekend,jesien
1045,2023-10-06,nie_wakacje,nie_wolne,Friday,tak_weekend,jesien
1046,2023-10-07,nie_wakacje,tak_wolne,Saturday,tak_weekend,jesien
1047,2023-10-08,nie_wakacje,tak_wolne,Sunday,nie_weekend,jesien
1048,2023-10-09,nie_wakacje,nie_wolne,Monday,nie_weekend,jesien
1049,2023-10-10,nie_wakacje,nie_wolne,Tuesday,nie_weekend,jesien
1050,2023-10-11,nie_wakacje,nie_wolne,Wednesday,nie_weekend,jesien
1051,2023-10-12,nie_wakacje,nie_wolne,Thursday,nie_weekend,jesien
1052,2023-10-13,nie_wakacje,nie_wolne,Friday,tak_weekend,jesien
1053,2023-10-14,nie_wakacje,tak_wolne,Saturday,tak_weekend,jesien
1054,2023-10-15,nie_wakacje,tak_wolne,Sunday,nie_weekend,jesien
1055,2023-10-16,nie_wakacje,nie_wolne,Monday,nie_weekend,jesien
1056,2023-10-17,nie_wakacje,nie_wolne,Tuesday,nie_weekend,jesien
1057,2023-10-18,nie_wakacje,nie_wolne,Wednesday,nie_weekend,jesien
1058,2023-10-19,nie_wakacje,nie_wolne,Thursday,nie_weekend,jesien
1059,2023-10-20,nie_wakacje,nie_wolne,Friday,tak_weekend,jesien
1060,2023-10-21,nie_wakacje,tak_wolne,Saturday,tak_weekend,jesien
1061,2023-10-22,nie_wakacje,tak_wolne,Sunday,nie_weekend,jesien
1062,2023-10-23,nie_wakacje,nie_wolne,Monday,nie_weekend,jesien
1063,2023-10-24,nie_wakacje,nie_wolne,Tuesday,nie_weekend,jesien
1064,2023-10-25,nie_wakacje,nie_wolne,Wednesday,nie_weekend,jesien
1065,2023-10-26,nie_wakacje,nie_wolne,Thursday,nie_weekend,jesien
1066,2023-10-27,nie_wakacje,nie_wolne,Friday,tak_weekend,jesien
1067,2023-10-28,nie_wakacje,tak_wolne,Saturday,tak_weekend,jesien
1068,2023-10-29,nie_wakacje,tak_wolne,Sunday,nie_weekend,jesien
1069,2023-10-30,nie_wakacje,nie_wolne,Monday,nie_weekend,jesien
1070,2023-10-31,nie_wakacje,nie_wolne,Tuesday,nie_weekend,jesien
1071,2023-11-01,nie_wakacje,nie_wolne,Wednesday,nie_weekend,jesien
1072,2023-11-02,nie_wakacje,nie_wolne,Thursday,nie_weekend,jesien
1073,2023-11-03,nie_wakacje,nie_wolne,Friday,tak_weekend,jesien
1074,2023-11-04,nie_wakacje,tak_wolne,Saturday,tak_weekend,jesien
1075,2023-11-05,nie_wakacje,tak_wolne,Sunday,nie_weekend,jesien
1076,2023-11-06,nie_wakacje,nie_wolne,Monday,nie_weekend,jesien
1077,2023-11-07,nie_wakacje,nie_wolne,Tuesday,nie_weekend,jesien
1078,2023-11-08,nie_wakacje,nie_wolne,Wednesday,nie_weekend,jesien
1079,2023-11-09,nie_wakacje,nie_wolne,Thursday,nie_weekend,jesien
1080,2023-11-10,nie_wakacje,nie_wolne,Friday,tak_weekend,jesien
1081,2023-11-11,nie_wakacje,tak_wolne,Saturday,tak_weekend,jesien
1082,2023-11-12,nie_wakacje,tak_wolne,Sunday,nie_weekend,jesien
1083,2023-11-13,nie_wakacje,nie_wolne,Monday,nie_weekend,jesien
1084,2023-11-14,nie_wakacje,nie_wolne,Tuesday,nie_weekend,jesien
1085,2023-11-15,nie_wakacje,nie_wolne,Wednesday,nie_weekend,jesien
1086,2023-11-16,nie_wakacje,nie_wolne,Thursday,nie_weekend,jesien
1087,2023-11-17,nie_wakacje,nie_wolne,Friday,tak_weekend,jesien
1088,2023-11-18,nie_wakacje,tak_wolne,Saturday,tak_weekend,jesien
1089,2023-11-19,nie_wakacje,tak_wolne,Sunday,nie_weekend,jesien
1090,2023-11-20,nie_wakacje,nie_wolne,Monday,nie_weekend,jesien
1091,2023-11-21,nie_wakacje,nie_wolne,Tuesday,nie_weekend,jesien
1092,2023-11-22,nie_wakacje,nie_wolne,Wednesday,nie_weekend,jesien
1093,2023-11-23,nie_wakacje,nie_wolne,Thursday,nie_weekend,jesien
1094,2023-11-24,nie_wakacje,nie_wolne,Friday,tak_weekend,jesien
1095,2023-11-25,nie_wakacje,tak_wolne,Saturday,tak_weekend,jesien
